Driver_ID,Driver_Name,Gender,Age,Phone_Number,License_Number,Vehicle_ID,City,Joining_Date,Driver_Rating,Total_Rides_Completed,Total_Cancellations,Availability_Status
1,Chandani Lanka,Female,44,7490121563,DL-50-3559908,44,Surat,2024-07-02,4.8,1064,98,Online
2,Sachi Bains,Male,28,9024146446,DL-88-7524641,57,Delhi,2022-08-30,4.8,1359,53,Online
3,Ekbal Subramaniam,Female,35,9231771893,DL-25-3758624,484,Delhi,2021-06-28,4.6,3208,239,Online
4,Bhavya Konda,Female,39,6528823098,DL-85-1361672,182,Ahmedabad,2024-05-11,4.6,4890,8,Online
5,Edhitha Kunda,Female,42,9448486863,DL-70-9515498,333,Surat,2025-03-16,4.6,1423,11,Online
6,Nidra Oommen,Female,42,7977073380,DL-29-2026078,792,Bangalore,2023-07-05,4.6,2166,137,Online
7,Samuel Bhavsar,Male,21,6411551391,DL-53-3860895,417,Ahmedabad,2025-08-08,4.9,1168,34,Online
8,Sai Oak,Male,25,8866784694,DL-12-5437160,472,Ahmedabad,2026-01-18,3.8,168,8,Online
9,William Dara,Male,29,6767867429,DL-62-3974584,672,Bangalore,2023-05-02,4.8,539,49,Online
10,Zayan Chowdhury,Male,28,9997522060,DL-63-7146409,579,Ahmedabad,2025-11-24,4.4,3588,158,Offline
11,Warhi Vohra,Male,36,6819217575,DL-65-8998605,549,Pune,2021-11-10,4.3,1242,84,Online
12,Warjas Dutta,Female,27,7627518759,DL-93-5520100,593,Surat,2025-10-09,4.2,4702,355,Online
13,Karan Kaur,Female,47,6694901148,DL-18-9769177,286,Ahmedabad,2026-01-12,4.5,4398,289,Offline
14,Forum Shetty,Male,36,9499175660,DL-99-2102042,601,Pune,2021-07-28,4.2,242,9,Offline
15,Finn Tara,Male,38,8308562730,DL-42-6918904,81,Delhi,2025-07-15,4.5,4214,209,Online
16,Pahal Deol,Female,33,8710269063,DL-42-1379057,51,Surat,2024-03-30,4.6,3173,82,Online
17,Ronith Atwal,Female,25,9782456550,DL-91-4830210,657,Bangalore,2024-08-25,4.8,3857,243,Offline
18,Mitali Chad,Male,28,8288601083,DL-24-8983912,722,Bangalore,2021-07-26,4.5,1929,147,Online
19,Jack Khatri,Female,31,7865628572,DL-45-1391419,544,Surat,2021-04-30,4.6,253,0,Online
20,Ayush Kade,Male,47,8010031636,DL-65-6176323,427,Pune,2022-06-13,4.6,272,20,Online
21,Ishita Chana,Female,55,8152160246,DL-56-1514440,635,Pune,2024-02-20,4.5,3080,184,Online
22,Watika Krishna,Female,48,6696822422,DL-29-7978928,643,Pune,2025-12-02,5.0,2540,4,Online
23,Fiyaz Chatterjee,Male,50,7885322251,DL-98-3056059,426,Ahmedabad,2023-10-24,4.5,4707,364,Offline
24,Aarini Chakrabarti,Female,50,6247440989,DL-14-4672645,720,Pune,2024-11-08,4.7,4367,41,Online
25,Janani Seshadri,Male,35,6072242268,DL-39-4601837,746,Bangalore,2022-08-17,4.5,2052,99,Online
26,Wridesh Swamy,Male,54,6359706997,DL-35-5869129,694,Mumbai,2022-09-09,4.7,1405,82,Offline
27,Jonathan Bhardwaj,Female,22,8767314033,DL-36-5385547,701,Bangalore,2025-06-05,4.7,4266,65,Online
28,Ansh Viswanathan,Male,35,9213628669,DL-81-1172113,451,Surat,2024-08-21,4.3,280,3,Online
29,Madhav Agrawal,Female,29,8374718009,DL-76-4463628,382,Delhi,2023-03-20,5.0,1884,136,Offline
30,Rajeshri Doshi,Female,55,8186775339,DL-54-9978641,543,Mumbai,2021-11-15,4.6,1810,12,Online
31,Ishaan Gala,Female,21,7435894965,DL-24-7952346,390,Delhi,2024-08-05,4.5,3939,98,Offline
32,Ayaan Sidhu,Male,49,8590929018,DL-27-6085309,617,Ahmedabad,2022-02-19,4.7,4558,311,Online
33,Finn Misra,Female,46,8735538157,DL-90-2902353,266,Bangalore,2025-01-22,4.5,1843,40,Offline
34,Krisha Lanka,Female,32,9603546533,DL-58-1725761,601,Pune,2026-01-29,5.0,3992,67,Online
35,Tripti Kumer,Female,36,9344691353,DL-65-1674265,140,Mumbai,2025-02-09,4.3,1448,21,Online
36,Alka Dhawan,Female,24,6098420019,DL-71-3761119,197,Pune,2023-03-28,4.7,1635,132,Online
37,Veer Nair,Female,41,8867874872,DL-57-6789940,426,Pune,2022-02-01,4.5,2370,90,Online
38,Jeevika Sant,Female,38,8603684649,DL-92-3524464,187,Ahmedabad,2022-07-10,4.4,2311,229,Offline
39,Zehaan Mitra,Male,50,8075193879,DL-71-8778879,183,Ahmedabad,2021-05-27,4.8,3253,257,Online
40,Azad Srivastava,Male,31,9665189632,DL-58-5858013,697,Pune,2023-10-17,4.4,1499,137,Offline
41,Teerth Sachdev,Male,46,6463962379,DL-35-3476343,722,Bangalore,2023-03-05,4.4,2217,155,Offline
42,Christopher Baria,Male,29,6761487768,DL-57-8520825,101,Mumbai,2022-01-09,4.5,1527,69,Offline
43,Harita Rout,Female,25,8303646130,DL-42-5363779,106,Bangalore,2021-07-17,4.4,4207,9,Online
44,Ekapad Barad,Female,34,7168096945,DL-42-2810366,620,Bangalore,2025-07-22,4.5,58,4,Online
45,Chavvi Mittal,Female,22,8707886353,DL-89-9680226,561,Ahmedabad,2023-09-30,4.8,4725,264,Online
46,Simon Sule,Male,30,7956523858,DL-72-9277066,412,Ahmedabad,2022-07-08,4.4,1282,70,Online
47,Aryan Sharaf,Male,27,7853562111,DL-79-9233195,208,Bangalore,2024-05-07,4.5,3472,268,Online
48,Zarna Agarwal,Female,34,6987318816,DL-65-5099374,32,Mumbai,2024-08-12,4.8,4732,194,Offline
49,Yochana Chander,Female,33,8684004844,DL-68-6900396,218,Pune,2023-11-08,4.7,1457,11,Offline
50,Chandani Kibe,Male,31,8246049063,DL-98-8556687,365,Bangalore,2025-01-24,4.5,4961,332,Online
51,Charita Chopra,Female,54,7873212431,DL-85-3624665,472,Surat,2021-10-24,4.9,4446,49,Online
52,Forum Rastogi,Female,51,6156930349,DL-25-3112020,177,Pune,2025-08-14,4.4,1910,55,Online
53,Tanvi Vaidya,Male,35,9523581096,DL-41-1579405,701,Delhi,2025-07-26,4.7,1864,111,Offline
54,Jhalak Sani,Male,54,9885509990,DL-61-6520959,551,Ahmedabad,2021-12-20,4.7,4983,244,Online
55,Harinakshi Modi,Male,32,7990969375,DL-37-6504916,729,Surat,2023-09-18,4.7,872,58,Offline
56,Ayush Comar,Male,45,6129634686,DL-35-4809969,263,Ahmedabad,2023-11-20,4.7,4824,146,Offline
57,Gauri Banerjee,Male,24,7648723758,DL-50-5438681,419,Ahmedabad,2022-10-08,4.5,4756,205,Online
58,Hitesh Keer,Female,41,6652643898,DL-12-4148182,727,Delhi,2022-06-05,4.9,4597,195,Online
59,Ryan Pai,Female,35,8490077359,DL-75-6621944,312,Bangalore,2025-04-28,4.5,526,2,Online
60,Devansh Kalla,Male,31,6655995508,DL-21-8711112,670,Mumbai,2021-12-01,4.6,3280,290,Online
61,Balhaar Buch,Male,32,6971228521,DL-73-3973051,274,Ahmedabad,2021-12-16,4.6,2961,208,Online
62,Fitan Garg,Female,31,7182917716,DL-39-9654546,328,Delhi,2025-12-13,4.7,2477,199,Online
63,Sachi Sheth,Female,30,6957717861,DL-80-9942851,779,Bangalore,2025-10-08,4.8,2202,81,Offline
64,Bhanumati Gandhi,Male,39,9435896177,DL-91-8014660,185,Bangalore,2024-10-04,4.4,2027,33,Online
65,Raghav Choudhary,Female,34,7817550378,DL-60-5966852,240,Surat,2024-09-17,4.5,3352,232,Online
66,Warda Gala,Male,54,6618062836,DL-74-9984168,724,Bangalore,2026-01-29,3.6,121,12,Online
67,Aahana Trivedi,Male,21,7586195422,DL-52-3900385,470,Ahmedabad,2022-05-30,4.9,4736,117,Offline
68,Balveer Bhardwaj,Male,51,7998077151,DL-15-7878180,243,Mumbai,2024-11-05,4.3,483,21,Offline
69,Diya Choudhary,Female,28,7523763723,DL-99-3190786,432,Mumbai,2021-05-01,4.4,4212,239,Offline
70,Jeevika Balay,Female,25,9774097291,DL-42-1990402,517,Delhi,2022-02-11,4.4,4167,321,Online
71,Aishani Mohanty,Male,42,9177353985,DL-13-4999962,586,Pune,2023-07-16,4.3,2977,224,Online
72,Henry Narula,Male,29,9970857137,DL-98-2804938,601,Mumbai,2025-07-30,4.6,2181,38,Offline
73,Indira Nigam,Male,40,8799292845,DL-98-6101070,459,Ahmedabad,2022-11-20,5.0,4230,106,Offline
74,Diya Kade,Male,48,9457253600,DL-12-4578694,332,Delhi,2023-02-20,4.1,922,19,Online
75,Saksham Barad,Female,44,8674801012,DL-35-4398644,415,Delhi,2022-07-29,4.9,2097,36,Online
76,Oscar Krishnamurthy,Male,36,9557788236,DL-78-8410085,353,Surat,2024-07-19,4.9,4860,379,Offline
77,Naveen Shetty,Male,48,9223042358,DL-37-9296117,254,Mumbai,2022-08-24,4.6,2715,105,Online
78,Shivani Ben,Female,47,8393685146,DL-37-7764417,525,Delhi,2024-02-08,4.4,2433,162,Online
79,Lohit Wagle,Male,53,6474439505,DL-84-4100415,314,Ahmedabad,2023-03-19,4.5,2840,156,Online
80,Vedika Date,Male,32,7756866970,DL-79-2077875,652,Mumbai,2023-03-10,4.7,2815,278,Online
81,Fiyaz Din,Male,33,6238552309,DL-13-7350754,114,Delhi,2022-08-28,4.4,4256,114,Online
82,Brijesh Bahl,Female,41,8297046090,DL-19-7378353,672,Delhi,2022-06-08,4.8,1520,65,Offline
83,Faras Sarraf,Male,53,6187711360,DL-75-5990556,319,Pune,2021-11-29,4.2,342,26,Online
84,Chakradev Seshadri,Male,30,8771966651,DL-62-9547997,188,Surat,2026-01-20,4.8,2491,29,Online
85,Ryan Ganguly,Male,32,9402586361,DL-48-3808428,470,Ahmedabad,2021-08-24,4.3,2542,179,Online
86,Gopal Chawla,Female,47,9002066221,DL-55-7669024,167,Delhi,2024-09-18,4.6,264,22,Online
87,Faqid Chada,Female,38,6055771752,DL-42-1792520,398,Delhi,2023-07-27,5.0,3611,208,Online
88,Tara Mitra,Female,27,9302434100,DL-44-3941353,705,Ahmedabad,2023-05-28,4.3,3825,219,Online
89,Neha Srinivas,Male,48,8508172451,DL-53-8287313,638,Ahmedabad,2021-09-23,4.1,579,14,Offline
90,Raksha More,Female,24,8258290966,DL-45-6869237,68,Pune,2021-09-28,4.0,972,15,Online
91,Isaac Sahota,Male,51,6093217844,DL-85-2751372,659,Ahmedabad,2024-07-06,4.7,630,58,Online
92,Avi Jhaveri,Female,50,7391148205,DL-54-7586190,651,Pune,2024-03-17,4.3,80,7,Online
93,Bhavani Nair,Female,29,6275534927,DL-92-4462950,552,Delhi,2023-02-24,4.7,1930,56,Offline
94,Ekta Jha,Male,33,9625753388,DL-90-7601428,728,Ahmedabad,2021-10-20,4.8,4537,174,Offline
95,Amara Chada,Male,28,9015269094,DL-40-2327316,522,Surat,2022-10-15,4.2,575,54,Offline
96,Zilmil Deshpande,Male,46,8071603716,DL-85-9599507,689,Surat,2024-01-23,4.4,4355,18,Online
97,Qasim Varkey,Female,54,6391823679,DL-14-9104106,742,Bangalore,2021-07-19,4.8,2680,16,Online
98,Advik Loke,Female,46,6933640088,DL-32-4498658,339,Ahmedabad,2021-06-27,4.4,1684,71,Offline
99,Aahana Kadakia,Male,36,6504430253,DL-69-6766917,79,Pune,2022-09-26,4.1,869,29,Online
100,Ronith Date,Female,46,7115670126,DL-50-5618869,237,Pune,2021-12-08,4.3,4985,374,Online
101,Om Gulati,Male,27,9394398950,DL-75-1715175,89,Bangalore,2025-06-28,4.7,396,27,Online
102,Samaksh Goyal,Female,54,6657044397,DL-56-6608085,261,Delhi,2021-10-11,4.3,532,47,Online
103,Pranav Misra,Male,29,7166099815,DL-37-2221061,234,Pune,2024-06-12,4.5,2307,146,Online
104,Simon Purohit,Male,33,8903115482,DL-49-7935668,586,Ahmedabad,2025-06-27,4.5,1226,19,Offline
105,Rajeshri Sarraf,Male,47,9183297539,DL-59-6348001,644,Ahmedabad,2023-08-19,4.3,4164,161,Offline
106,Rachita Pandey,Female,41,7351195984,DL-32-6325747,469,Bangalore,2022-07-23,4.9,1285,89,Online
107,Yashawini Choudhry,Male,41,6674860655,DL-28-6140073,155,Pune,2022-01-11,4.4,4586,294,Online
108,Vaishnavi Menon,Male,43,9662593636,DL-92-6169401,335,Ahmedabad,2022-12-25,4.5,3122,17,Online
109,Harsh Ben,Male,44,8238206348,DL-96-4879621,693,Pune,2021-10-07,4.8,732,29,Offline
110,Akshay Lanka,Male,55,7246730263,DL-62-2403461,565,Pune,2026-01-07,4.5,2163,66,Online
111,Amaira Pillay,Male,50,6231700553,DL-39-4665652,615,Mumbai,2024-03-28,4.7,3898,372,Online
112,Zaid Ramakrishnan,Male,23,6808330714,DL-28-9104520,773,Mumbai,2025-11-23,4.9,3714,233,Online
113,Falguni Dani,Female,22,7676529660,DL-40-9316412,503,Bangalore,2024-10-01,4.8,2633,83,Online
114,Mahika Nayak,Female,55,7580071049,DL-97-4933210,617,Pune,2021-04-21,4.3,503,8,Online
115,Lajita Issac,Female,41,7889056355,DL-51-7992784,735,Ahmedabad,2025-08-01,4.6,3566,265,Online
116,Kritika Kumar,Female,31,8015232070,DL-36-4470629,449,Delhi,2025-06-17,4.2,703,68,Online
117,Anamika Desai,Female,32,7496985677,DL-76-7326299,655,Surat,2022-03-17,4.4,3985,136,Offline
118,Harinakshi D’Alia,Male,39,9764870553,DL-57-1947210,106,Delhi,2022-12-27,4.3,278,26,Online
119,Anay Chopra,Male,22,7274866995,DL-55-1299669,730,Delhi,2022-05-25,4.4,2058,140,Online
120,Abha Lala,Female,51,6728551395,DL-47-4285300,259,Delhi,2023-12-15,4.2,1960,180,Online
121,Veda Bal,Female,55,9284244286,DL-31-7032481,213,Bangalore,2025-03-06,4.9,1322,114,Online
122,Vaishnavi Thakkar,Male,37,6600530014,DL-90-3189013,71,Pune,2021-10-23,4.7,2316,138,Online
123,Charita Dalal,Female,35,8437807054,DL-97-4404234,332,Ahmedabad,2021-06-27,4.7,4747,42,Online
124,Parth Dubey,Female,55,6325675897,DL-85-9367174,183,Delhi,2021-11-23,4.9,1711,149,Offline
125,Leela Jhaveri,Male,21,8224737417,DL-32-4075027,446,Mumbai,2023-01-20,4.3,333,33,Online
126,Chasmum Babu,Male,55,9348519402,DL-40-5400086,261,Pune,2022-02-22,4.6,1084,17,Offline
127,Vivaan Bora,Male,35,9791333109,DL-76-5228686,620,Mumbai,2025-12-28,4.8,4369,153,Online
128,Balveer Agate,Female,47,9737046757,DL-16-4813773,113,Pune,2025-10-28,4.6,3215,268,Online
129,Darpan Varty,Male,23,6257479373,DL-40-6781485,714,Mumbai,2024-08-17,4.3,2080,19,Offline
130,Om Gokhale,Female,31,8265672869,DL-70-7180469,296,Mumbai,2024-07-18,4.6,3661,255,Online
131,Harish Loke,Male,50,6269275753,DL-47-8147588,421,Pune,2023-04-24,4.8,3324,121,Online
132,Chandresh Mani,Female,30,7207534309,DL-68-8642150,362,Mumbai,2025-04-12,4.6,215,15,Online
133,Ubika Prabhakar,Male,45,6874957208,DL-91-5016310,373,Delhi,2022-02-13,4.6,3828,28,Offline
134,Chakradhar Acharya,Male,45,9424985799,DL-64-9095475,152,Mumbai,2026-03-26,4.3,1308,101,Offline
135,Avni Khanna,Male,26,6670820448,DL-51-6993251,20,Delhi,2023-04-07,4.6,4397,258,Online
136,Umang Merchant,Male,45,7334353049,DL-27-6632096,574,Mumbai,2025-10-29,4.8,1023,18,Offline
137,Anya Sankar,Female,26,6243835642,DL-68-9692906,204,Pune,2025-09-03,4.9,1280,100,Online
138,Balhaar Borah,Female,22,9707526186,DL-15-6399561,761,Mumbai,2024-01-16,4.3,4062,128,Online
139,Banjeet Patla,Female,51,7383721881,DL-17-3114265,604,Ahmedabad,2022-05-13,5.0,4543,100,Online
140,Diya Kala,Male,26,8731614875,DL-15-2899569,360,Mumbai,2022-09-29,4.7,665,1,Online
141,Vasatika Majumdar,Male,37,9168924975,DL-54-5217839,589,Mumbai,2024-09-05,4.6,3686,79,Online
142,Christopher Konda,Female,47,7888555765,DL-51-3587191,278,Mumbai,2023-09-30,5.0,2321,73,Online
143,Yashodhara Pandya,Male,54,8462865208,DL-25-8784411,501,Pune,2024-09-28,4.0,214,20,Online
144,Isaiah Pradhan,Female,46,9314861270,DL-92-9636334,763,Ahmedabad,2022-01-05,4.9,3425,296,Online
145,Lohit Gera,Male,50,6778502961,DL-68-7249351,696,Mumbai,2023-03-04,4.3,2468,189,Online
146,Laksh Bhandari,Female,37,6881177445,DL-81-5550420,597,Pune,2022-07-15,4.6,2739,140,Online
147,Hitesh Datta,Male,33,6448086886,DL-56-6891579,263,Bangalore,2024-05-21,4.8,4408,423,Online
148,Anya Balay,Female,40,7192401203,DL-38-6715837,799,Delhi,2022-07-25,3.7,57,4,Online
149,Saksham Setty,Female,30,7751417262,DL-62-4300110,120,Delhi,2022-12-10,4.5,3495,36,Online
150,Charvi Gour,Female,37,8492791147,DL-23-9408052,493,Ahmedabad,2022-05-10,4.5,654,12,Online
151,Azaan Sule,Female,48,6228545329,DL-50-3093792,188,Mumbai,2021-09-16,4.8,2909,1,Online
152,Harinakshi Kurian,Male,55,7877343901,DL-50-8106908,743,Ahmedabad,2024-02-29,4.9,2759,110,Offline
153,Diya Kaul,Female,24,6698819359,DL-16-3293254,604,Surat,2024-08-15,4.4,1831,86,Online
154,Ganga Savant,Male,50,7669737459,DL-82-9692398,87,Ahmedabad,2021-08-17,4.9,1165,56,Online
155,Udant Nadig,Male,51,9603317749,DL-35-6959518,712,Surat,2021-09-12,4.3,266,24,Online
156,Zarna Shan,Female,25,7740876781,DL-96-2046496,205,Bangalore,2024-04-14,4.6,2450,0,Online
157,Warhi Reddy,Male,33,7742470432,DL-82-7165907,236,Mumbai,2025-02-14,4.5,4864,182,Offline
158,Divya Pai,Female,54,6984085862,DL-37-3677429,304,Mumbai,2023-09-18,4.6,4128,326,Online
159,Tejas De,Female,52,9088757301,DL-25-6959952,693,Mumbai,2023-08-26,4.5,338,32,Offline
160,Champak Chandran,Male,28,6574054974,DL-85-9307747,608,Delhi,2021-07-30,4.1,815,43,Online
161,Dhruv Sidhu,Male,39,9135846895,DL-10-8512734,152,Pune,2024-06-07,4.6,3616,335,Offline
162,Veer Parikh,Male,55,8534715714,DL-82-4758751,123,Bangalore,2021-06-25,4.5,3748,21,Online
163,Amaira Chanda,Female,30,7013210776,DL-39-4542634,669,Bangalore,2021-11-17,4.4,3885,25,Online
164,Samar Gara,Male,22,6314475954,DL-11-9358832,138,Bangalore,2021-08-06,4.4,1257,72,Online
165,Tejas Issac,Female,48,8502873359,DL-99-1505588,329,Delhi,2022-05-10,4.7,4281,135,Offline
166,Siddharth Sarna,Female,32,7384561970,DL-68-9068059,221,Pune,2021-05-22,4.6,957,84,Offline
167,Advik Krish,Female,34,6871118657,DL-80-1842953,656,Pune,2024-11-23,4.4,3251,285,Online
168,Yoshita Zachariah,Male,52,9899336519,DL-52-1589766,654,Bangalore,2023-10-27,4.7,2430,210,Online
169,Charan Raj,Male,32,7577014707,DL-76-7957426,427,Delhi,2022-04-26,4.1,230,20,Online
170,Owen Muni,Female,27,6268863603,DL-40-8471036,288,Delhi,2025-11-02,4.4,2988,209,Offline
171,David Subramaniam,Female,30,7279969771,DL-94-1857061,564,Surat,2022-06-27,4.2,4985,360,Online
172,Matthew Chatterjee,Male,22,7784079158,DL-12-5328487,163,Surat,2023-08-04,4.4,1262,126,Online
173,Mahika Dash,Male,32,9802141253,DL-70-8232519,353,Mumbai,2022-05-13,4.8,3811,309,Online
174,Girik Ratta,Female,28,7429031946,DL-38-8724573,446,Bangalore,2021-05-23,3.6,182,9,Offline
175,Damyanti Sarraf,Female,30,7572332024,DL-33-9988835,351,Mumbai,2025-08-20,4.7,1519,58,Online
176,Timothy Bajwa,Male,33,9498714086,DL-83-6014027,550,Ahmedabad,2021-08-25,4.6,835,3,Online
177,Oscar Yohannan,Male,55,9461270091,DL-69-1988418,424,Surat,2022-08-14,4.5,792,52,Online
178,Finn Sastry,Female,51,9199822161,DL-37-9328711,43,Bangalore,2023-08-16,4.3,4912,27,Online
179,Maanav Pillai,Female,47,8534322878,DL-12-8252882,168,Bangalore,2023-12-27,4.7,1034,10,Online
180,Nisha Dhar,Male,42,8536365934,DL-28-1874669,147,Pune,2024-09-22,5.0,4577,403,Offline
181,Ishanvi Keer,Male,44,8474603047,DL-84-1054388,56,Pune,2026-01-06,4.4,2968,182,Online
182,Suhani Bose,Male,51,8115364900,DL-78-1944606,486,Ahmedabad,2026-03-08,4.5,2532,17,Online
183,Tara Mohan,Female,43,7680628120,DL-20-7261592,281,Surat,2026-02-28,4.6,2602,100,Online
184,Faqid Banik,Female,31,8923364795,DL-30-1295310,187,Delhi,2025-04-06,4.4,2082,27,Online
185,Janya Mandal,Female,31,8140104667,DL-59-8605963,36,Surat,2023-05-02,4.5,1929,167,Online
186,Jairaj Savant,Female,51,6553319664,DL-95-8410731,767,Surat,2025-11-19,4.5,2260,3,Offline
187,Jagrati Chandra,Female,37,6025776824,DL-49-8585780,93,Surat,2025-06-16,4.7,3350,65,Online
188,Bhavani Dutta,Male,36,8063915862,DL-93-4840222,175,Ahmedabad,2022-11-21,4.9,2438,219,Online
189,Advay Sahni,Male,23,8461320390,DL-15-2950949,652,Surat,2021-10-05,4.8,1761,114,Online
190,Upasna Ahuja,Male,31,7955762320,DL-18-9245772,313,Delhi,2022-12-26,4.4,2286,131,Online
191,Tanmayi Dugar,Male,25,8337357334,DL-29-2304397,632,Pune,2021-12-06,4.3,1071,68,Offline
192,Yashoda Subramaniam,Male,28,9231511728,DL-55-2110056,576,Surat,2025-09-29,4.9,2189,115,Online
193,Pranav Pai,Female,47,6974683453,DL-85-1454451,191,Ahmedabad,2024-03-24,4.9,4313,46,Online
194,Gautam Narasimhan,Male,33,6550035954,DL-60-6696893,161,Ahmedabad,2025-09-27,4.5,3693,205,Online
195,Wahab Jani,Male,21,8806522219,DL-19-8047092,736,Delhi,2025-04-02,4.1,89,3,Online
196,Nitesh Mammen,Female,43,9987012389,DL-97-6550519,747,Delhi,2021-11-24,4.2,3120,32,Online
197,Harrison Purohit,Female,27,7976376257,DL-74-3177745,469,Pune,2025-03-05,5.0,3808,109,Online
198,Widisha Rastogi,Female,47,9805453528,DL-75-7360297,68,Bangalore,2024-04-05,4.7,4525,258,Offline
199,Ojas Borra,Female,41,8008687221,DL-67-3393806,668,Surat,2024-02-29,4.5,1225,86,Online
200,Fiyaz Manda,Female,49,7458382110,DL-50-9172938,162,Surat,2024-02-04,4.6,3977,293,Online
201,Ishani Hegde,Female,29,7793078904,DL-24-8579463,102,Delhi,2023-01-06,4.6,4870,54,Online
202,Yachana Divan,Female,32,7555382084,DL-53-6659101,525,Surat,2023-12-13,4.8,1264,8,Online
203,Meghana Anne,Female,25,9538215636,DL-36-8286872,696,Delhi,2022-09-27,4.9,4261,134,Offline
204,Ranveer Padmanabhan,Male,33,7334763908,DL-54-3266061,385,Mumbai,2021-09-20,4.4,2258,103,Offline
205,Aahana Biswas,Male,42,6716889843,DL-44-8597407,276,Bangalore,2021-10-26,4.2,953,85,Offline
206,Wahab Kumer,Male,53,7682259426,DL-78-1581849,652,Bangalore,2025-12-18,4.2,2964,190,Offline
207,Deepa Basak,Female,30,8243635616,DL-87-3843731,377,Ahmedabad,2021-06-25,4.9,1490,88,Online
208,Amara Mani,Female,44,7602692184,DL-86-9931628,110,Delhi,2025-06-28,4.9,4962,485,Online
209,Charan Mohanty,Female,26,8804681849,DL-88-6070704,789,Bangalore,2024-01-17,4.6,3232,281,Online
210,Yoshita Mitter,Male,40,8707494637,DL-60-2141518,306,Pune,2024-07-14,4.8,4197,70,Online
211,Balendra Chaudhuri,Male,44,6134196338,DL-89-9596437,597,Ahmedabad,2024-04-06,4.6,1067,92,Offline
212,Ati Jhaveri,Female,31,6619955077,DL-39-9333605,690,Surat,2025-08-03,3.7,165,9,Online
213,Anay Arya,Male,23,6784685048,DL-93-6965866,15,Pune,2021-06-15,4.2,3967,14,Online
214,Yash Mahajan,Male,41,6874809338,DL-82-4649211,384,Delhi,2025-11-24,4.4,400,3,Online
215,Gautami Bala,Male,52,6364994188,DL-54-6195584,725,Mumbai,2021-04-26,4.7,225,19,Offline
216,Pallavi Banerjee,Male,43,9725958624,DL-10-1393715,84,Pune,2021-08-08,4.4,3583,204,Online
217,Balendra Gera,Female,24,6737976376,DL-13-3291940,273,Mumbai,2023-04-30,4.3,2114,141,Offline
218,Ekani Acharya,Female,21,8761342814,DL-47-9071194,500,Delhi,2025-09-16,4.4,3520,276,Offline
219,Chandani Kaur,Female,50,6908532442,DL-69-4937054,93,Ahmedabad,2022-07-04,4.3,3013,185,Online
220,Brinda Agrawal,Male,54,9904695287,DL-67-2972494,114,Surat,2025-12-04,4.4,4726,464,Online
221,Ria Thaker,Female,38,7976924564,DL-80-5462832,151,Pune,2024-10-11,4.5,2354,223,Online
222,Manthan Dutt,Male,39,8773839791,DL-96-5651558,629,Delhi,2022-04-01,4.4,275,25,Offline
223,Karan Kibe,Male,35,8369812296,DL-80-8124481,119,Surat,2024-10-27,4.9,4219,237,Online
224,Wridesh Arora,Male,34,9077230026,DL-37-7069759,592,Pune,2024-04-20,4.4,355,31,Online
225,Unnati Deep,Male,21,7021302591,DL-97-6307311,717,Mumbai,2025-01-13,4.9,2866,257,Offline
226,Chaaya Yadav,Male,35,6650959074,DL-98-8999142,150,Mumbai,2023-07-03,5.0,4467,12,Online
227,Wriddhish Rau,Female,26,9764813122,DL-17-8322559,308,Delhi,2021-12-12,4.2,1742,86,Offline
228,Pranav Chand,Male,49,7452132851,DL-70-7802932,765,Delhi,2024-06-01,4.5,1515,82,Online
229,Omaja Morar,Female,34,7130021020,DL-14-2554563,331,Delhi,2023-06-17,4.2,1183,45,Offline
230,Yasti Sama,Male,22,8263064667,DL-63-4470243,584,Pune,2025-08-18,4.4,4998,349,Online
231,Gaurav Sinha,Female,45,6233663227,DL-46-3650542,259,Surat,2021-11-13,4.8,2749,267,Online
232,Imaran Konda,Female,51,9818539555,DL-62-3865532,562,Pune,2021-06-20,4.3,306,16,Online
233,Ekansh Bala,Male,34,7254976860,DL-41-6601471,420,Ahmedabad,2025-06-11,4.7,3111,254,Online
234,Siddharth Rajagopalan,Female,22,6413329317,DL-91-7024736,48,Surat,2025-03-02,4.3,2589,39,Offline
235,Fitan Kata,Female,39,9529414061,DL-82-1466351,252,Pune,2023-12-03,4.9,2890,264,Online
236,Tripti Randhawa,Male,35,8518073729,DL-17-1437932,426,Surat,2022-11-09,4.3,3692,181,Online
237,Suhani Barman,Male,34,9527395951,DL-41-7916743,15,Ahmedabad,2025-03-05,4.5,1091,57,Online
238,Yash Sekhon,Male,29,8167957279,DL-75-7308291,539,Mumbai,2021-05-07,4.8,4746,197,Offline
239,Gopal Bora,Male,35,7973446978,DL-10-4271915,390,Delhi,2022-11-08,4.5,2796,36,Online
240,Thomas Loke,Male,44,7017389706,DL-21-5084284,30,Bangalore,2023-05-06,4.7,2930,26,Online
241,Garima Bava,Male,25,9958057226,DL-80-7756312,588,Pune,2024-12-12,4.9,4856,471,Offline
242,Aditya Chandran,Male,26,9124539487,DL-34-1899225,408,Ahmedabad,2022-05-07,4.5,2161,207,Online
243,Kala Rajan,Male,29,8980973760,DL-57-7886719,698,Surat,2024-06-06,4.5,3957,124,Online
244,Abha Bahri,Female,49,6206938789,DL-13-4898854,593,Bangalore,2023-04-01,4.6,4443,51,Offline
245,Urvashi Banerjee,Female,43,9539534817,DL-17-3825893,157,Surat,2025-09-16,5.0,3060,205,Online
246,Rohan Loke,Female,40,6711976246,DL-31-7367760,202,Bangalore,2022-02-22,4.2,4517,114,Online
247,Niharika Karpe,Female,35,9871568578,DL-95-6598285,755,Delhi,2024-07-29,4.8,2098,107,Offline
248,Azad Loyal,Male,24,7773652595,DL-21-7335014,44,Ahmedabad,2025-03-08,4.7,3807,316,Online
249,Pranit Acharya,Female,32,7940630688,DL-33-2291972,755,Surat,2024-09-27,5.0,3493,59,Offline
250,Baljiwan Chaudry,Male,30,9146451154,DL-48-9148803,583,Ahmedabad,2021-04-06,4.8,4402,189,Offline
251,Vasudha Ramanathan,Female,50,8689243289,DL-92-2873431,480,Bangalore,2023-02-01,4.4,3682,65,Online
252,Leena Dani,Male,43,9107246590,DL-25-2296090,706,Delhi,2025-03-08,4.3,4791,457,Online
253,Oni Rau,Male,25,8350817778,DL-33-5560301,623,Bangalore,2024-11-29,4.8,2787,9,Online
254,Veda Chauhan,Female,23,8963239883,DL-94-6726995,41,Ahmedabad,2023-05-28,4.3,3792,318,Offline
255,Bhanumati Parmar,Female,49,9358125169,DL-33-5807311,111,Delhi,2026-02-05,4.2,67,0,Offline
256,Samesh Comar,Female,30,7848820749,DL-75-9192231,452,Bangalore,2023-12-29,4.4,3986,190,Online
257,Joshua Mahajan,Male,23,9689747555,DL-74-1993140,331,Pune,2025-09-07,4.3,3985,179,Online
258,Dalbir Sabharwal,Male,30,6292784404,DL-18-9267147,557,Mumbai,2021-07-02,4.3,466,8,Online
259,Girindra Dhawan,Female,28,9803998395,DL-25-4677671,603,Pune,2022-01-19,4.7,2749,99,Offline
260,Niharika Bains,Male,30,9286684753,DL-93-1499038,41,Delhi,2023-01-21,4.4,1926,165,Offline
261,Dalaja Golla,Male,43,9560737075,DL-20-8174518,511,Delhi,2024-10-29,4.5,759,25,Online
262,Wishi Dyal,Male,35,7568853876,DL-49-6992303,408,Pune,2026-03-10,4.5,3804,211,Online
263,Gaurang Varma,Male,22,7320301649,DL-29-6821794,59,Pune,2022-01-07,4.8,1852,35,Online
264,Nitara Salvi,Female,49,8101846225,DL-85-2132965,458,Delhi,2024-06-27,4.3,1044,71,Offline
265,Leela Chana,Male,47,8667076388,DL-48-2687962,631,Ahmedabad,2021-07-01,4.4,4486,109,Online
266,Deepa Choudhary,Female,51,7402838316,DL-55-2803478,554,Mumbai,2023-05-25,4.9,4610,414,Online
267,Vrishti Bhargava,Male,27,9022174675,DL-17-7407805,289,Delhi,2022-03-16,4.3,1665,116,Online
268,Madhavi Lad,Male,23,8741550415,DL-82-6876431,534,Pune,2023-05-17,4.5,627,8,Online
269,Upadhriti Lal,Female,36,7702168378,DL-37-4371740,7,Bangalore,2022-02-28,4.4,1355,135,Offline
270,Hemani Tripathi,Female,32,7257582165,DL-35-2890323,255,Delhi,2021-09-18,4.8,3794,314,Online
271,Oviya Hegde,Male,30,7768305458,DL-89-7107102,574,Mumbai,2021-10-30,4.3,188,1,Online
272,Tanish Acharya,Female,55,8786449562,DL-76-1808829,650,Delhi,2023-10-17,4.5,740,14,Online
273,Hemal Sachar,Male,22,7500519781,DL-96-7975683,83,Surat,2023-03-16,4.7,4766,202,Online
274,Rehaan Malhotra,Female,27,8713018457,DL-66-1949478,484,Mumbai,2025-09-06,4.4,4297,270,Online
275,Gaurika Rastogi,Male,32,7199085935,DL-54-2772548,694,Bangalore,2023-06-27,4.2,4895,433,Offline
276,Ayaan Raja,Male,54,9649642870,DL-47-4885752,508,Delhi,2026-03-04,4.7,4731,1,Online
277,Idika Magar,Male,24,9039358304,DL-84-4875242,371,Delhi,2023-01-04,4.6,1662,75,Offline
278,Hitesh Hegde,Female,50,7030545593,DL-67-6152504,94,Pune,2022-02-07,4.6,4434,396,Offline
279,Qasim Apte,Female,24,9912992074,DL-53-8123562,449,Bangalore,2023-01-08,4.4,3061,264,Offline
280,Tripti Hayer,Male,42,7074281481,DL-88-8066807,625,Delhi,2021-12-28,4.8,3969,99,Online
281,Hredhaan Karan,Male,53,6048525132,DL-57-8940342,365,Delhi,2025-01-02,4.8,2174,180,Offline
282,Damini Balay,Male,31,9573270946,DL-93-7025124,140,Pune,2021-11-11,4.9,3249,256,Online
283,Indrajit Loke,Female,25,8348843021,DL-47-9935439,657,Ahmedabad,2024-06-01,5.0,3567,256,Online
284,Avni Pant,Female,40,6676631642,DL-78-4872109,473,Delhi,2023-11-18,4.5,2363,109,Offline
285,Suhani Basak,Male,21,7285672626,DL-62-9369997,182,Surat,2025-08-24,4.3,2299,139,Offline
286,Arjun Kale,Male,33,7832450098,DL-80-4665206,311,Pune,2021-06-19,4.8,3714,174,Offline
287,Jeet Kalla,Female,48,7878775364,DL-73-9103379,669,Mumbai,2021-06-24,4.4,4232,154,Online
288,Ekansh Khanna,Male,35,9173433638,DL-94-8190581,236,Pune,2022-09-11,4.4,2903,38,Offline
289,Aryan Bhavsar,Male,23,6046134978,DL-24-6022762,786,Ahmedabad,2025-10-24,4.7,2933,197,Online
290,Raksha Chowdhury,Male,53,8452909934,DL-88-3447440,469,Bangalore,2021-06-03,4.9,4165,240,Offline
291,Chaman Subramaniam,Male,27,6202301375,DL-63-2778932,111,Surat,2023-02-28,4.3,398,28,Online
292,Dev Konda,Male,38,9509293852,DL-93-8931127,528,Mumbai,2023-03-22,4.7,4278,141,Offline
293,Chandani Nair,Male,32,8843141314,DL-98-5972677,509,Bangalore,2025-05-09,4.7,2719,219,Offline
294,Maanav Rajagopalan,Female,43,6720809925,DL-66-9215570,469,Pune,2022-07-04,4.5,1284,127,Offline
295,Rajata Nazareth,Male,38,8257270605,DL-19-9008610,176,Delhi,2023-03-03,4.8,4226,274,Offline
296,Anvi Kala,Male,21,6361011740,DL-50-8594292,274,Mumbai,2024-12-14,4.7,431,28,Online
297,Zashil Sangha,Female,29,6304073040,DL-39-5638949,190,Bangalore,2023-08-01,4.8,2568,161,Offline
298,Wyatt Agrawal,Male,28,7467947200,DL-75-4998126,363,Surat,2023-05-27,3.7,138,5,Offline
299,Nandini Pant,Female,44,6123051522,DL-43-6816292,143,Delhi,2023-01-29,4.5,4078,337,Online
300,Timothy Mani,Male,47,9722010431,DL-67-3797906,172,Mumbai,2024-03-17,4.6,4719,414,Online
301,Kashish Uppal,Female,36,6505531774,DL-47-6824258,297,Ahmedabad,2021-08-11,4.7,2923,246,Online
302,Zaitra Krishnan,Male,45,6180350481,DL-14-3492496,278,Bangalore,2023-07-21,4.5,715,4,Online
303,Vaishnavi Balay,Female,52,9394827110,DL-19-6209407,447,Ahmedabad,2025-01-22,4.3,4786,36,Online
304,Ethan Venkataraman,Female,24,9529060024,DL-83-6460936,545,Surat,2024-01-27,4.4,1107,33,Online
305,Ronith Varkey,Male,35,8816824578,DL-68-1723609,201,Bangalore,2021-11-10,4.3,3879,272,Online
306,Joshua Char,Male,25,6752850173,DL-62-4384608,525,Ahmedabad,2023-08-13,4.4,537,5,Online
307,Ekiya Badal,Female,41,9592286772,DL-26-8033807,493,Ahmedabad,2023-07-22,4.8,807,40,Online
308,Ishaan Basak,Female,44,6152328632,DL-32-6427141,36,Delhi,2025-11-20,4.4,576,31,Online
309,Rishi Verma,Female,23,9956611970,DL-54-3328955,202,Ahmedabad,2025-05-04,4.8,3099,162,Online
310,Hardik Misra,Male,39,6127135128,DL-58-9109565,159,Surat,2025-11-06,5.0,3122,289,Online
311,Anjali Narayan,Female,41,9799189676,DL-32-7962435,169,Mumbai,2022-08-29,4.5,760,63,Online
312,Pavani Butala,Female,28,9157815100,DL-11-9420880,64,Delhi,2022-12-24,4.5,470,20,Online
313,Elijah Sengupta,Female,21,7275972715,DL-16-3181760,302,Mumbai,2023-08-15,4.8,2750,264,Online
314,Abha Sridhar,Male,23,6277056712,DL-61-9576017,328,Ahmedabad,2023-09-24,4.8,2112,5,Online
315,Jeevika Sabharwal,Female,48,8620986918,DL-89-4893448,489,Delhi,2023-11-13,4.5,3668,7,Online
316,Yamini Kashyap,Female,32,6511789688,DL-11-3944137,651,Surat,2026-01-22,4.5,4541,102,Online
317,Victor Saran,Male,24,9445493128,DL-74-6779365,773,Pune,2024-06-26,4.7,4178,67,Online
318,Zarna Chaudhary,Male,36,8074790229,DL-30-4275606,306,Surat,2022-06-24,4.4,2233,201,Online
319,Hemang Mand,Male,47,7946059778,DL-44-1958454,144,Pune,2021-07-21,4.2,1307,96,Online
320,Jyoti Dhar,Male,49,7078091908,DL-68-8809955,504,Surat,2023-11-17,4.7,3525,223,Online
321,Girindra Kurian,Female,53,6847923312,DL-89-3773478,283,Mumbai,2026-01-17,5.0,4351,135,Online
322,Megha Mammen,Female,44,9562296691,DL-45-4214004,540,Mumbai,2023-03-22,4.3,714,48,Online
323,Brijesh Sachdev,Female,23,6670644124,DL-67-7903679,383,Pune,2025-07-29,4.5,476,10,Offline
324,Kabir Chatterjee,Female,36,9199831507,DL-60-3036178,423,Mumbai,2022-06-19,4.3,3136,273,Online
325,Aryan Mutti,Female,49,8243891247,DL-35-6648756,206,Surat,2025-03-15,5.0,4090,268,Online
326,Yashasvi Shan,Male,55,9280778642,DL-75-7145569,384,Mumbai,2022-06-14,4.8,1260,70,Offline
327,Hema Mutti,Female,32,6558925814,DL-83-6864177,336,Mumbai,2023-10-31,4.2,3234,249,Online
328,Ishwar Pillay,Male,32,7093834065,DL-62-1749153,450,Pune,2022-06-10,4.7,3242,309,Online
329,Aishani Bhattacharyya,Female,30,6717108644,DL-73-1005680,90,Ahmedabad,2023-10-05,4.5,2780,86,Online
330,Ekaja Halder,Female,27,7648940973,DL-61-9147052,6,Ahmedabad,2024-02-29,4.2,4027,396,Offline
331,Pranav Srinivasan,Female,41,9096401419,DL-22-9650328,325,Surat,2025-04-04,4.3,4987,82,Online
332,Chaman Sengupta,Female,50,8897335731,DL-86-9084629,744,Ahmedabad,2022-09-03,4.9,2493,35,Online
333,Udarsh Talwar,Male,22,7601599389,DL-68-1464912,473,Surat,2023-10-29,4.8,4693,101,Online
334,Ayaan Choudhury,Male,54,7487859048,DL-55-5817685,599,Delhi,2023-07-29,4.3,194,16,Online
335,Isha Pau,Male,28,7289411808,DL-32-4564335,636,Surat,2021-12-24,4.6,2160,154,Online
336,Mitesh Lalla,Female,54,9406068340,DL-72-2994311,53,Pune,2024-06-24,4.8,4917,337,Online
337,Mason Salvi,Female,34,7046311551,DL-59-5774938,654,Ahmedabad,2024-02-21,4.2,3432,58,Offline
338,Victor Parekh,Male,38,6065538585,DL-26-7199098,141,Ahmedabad,2023-01-31,4.2,4404,208,Offline
339,Victor Brar,Male,43,9881912215,DL-69-8684647,405,Bangalore,2022-06-07,4.6,1545,89,Offline
340,Jeremiah Mishra,Male,55,7730530218,DL-75-6068466,796,Ahmedabad,2024-11-16,4.7,1472,127,Online
341,Yadavi Chander,Male,31,6599456981,DL-91-5395066,508,Bangalore,2021-11-14,4.8,1760,33,Online
342,Nachiket Behl,Male,50,8949401184,DL-23-5585361,685,Ahmedabad,2021-05-08,4.8,2458,95,Online
343,Theodore Suri,Male,31,7109102174,DL-31-4601494,656,Mumbai,2023-05-03,4.1,553,33,Offline
344,Nathaniel More,Female,21,6227234680,DL-14-9026777,258,Delhi,2021-05-05,4.3,979,66,Online
345,Rachana Srinivasan,Male,23,8103256385,DL-42-7546723,234,Ahmedabad,2024-03-03,4.8,563,26,Offline
346,Vaishnavi Toor,Male,26,6960704166,DL-22-8784039,761,Delhi,2021-10-28,4.5,2071,4,Offline
347,Gaurav Saran,Male,38,7286302633,DL-71-7805776,284,Bangalore,2025-06-23,4.8,4530,423,Online
348,Kabir Choudhry,Female,44,9323431340,DL-36-9292447,509,Pune,2022-11-21,4.5,2344,134,Online
349,Anya Wali,Female,55,9248874362,DL-95-6150026,678,Mumbai,2022-08-29,4.5,675,28,Online
350,Timothy Kulkarni,Male,27,9582984529,DL-32-2607053,669,Ahmedabad,2023-02-11,4.6,4909,212,Online
351,Samuel Sagar,Female,23,9197727053,DL-54-2300072,399,Ahmedabad,2021-09-01,4.8,1036,12,Offline
352,Frederick Sem,Male,42,7770204213,DL-61-6077330,596,Ahmedabad,2024-12-30,5.0,2588,109,Online
353,Bhavna Manda,Female,37,6125312118,DL-33-1087840,107,Bangalore,2026-01-17,4.3,1116,39,Online
354,Simon Pingle,Female,50,7730227176,DL-27-4231455,370,Mumbai,2021-07-25,4.9,1950,167,Online
355,Chakrika Kakar,Male,33,6912954133,DL-97-5155481,209,Bangalore,2021-11-02,4.6,3944,166,Online
356,Chavvi Narang,Male,47,9491274747,DL-45-2146203,733,Surat,2024-02-22,4.7,3650,190,Online
357,Chaman Srinivasan,Female,37,9075038469,DL-69-6046862,734,Pune,2025-02-18,3.6,84,3,Online
358,Robert Pillay,Female,21,8199890804,DL-91-8565386,526,Surat,2022-04-13,3.8,133,9,Online
359,Tanay Sami,Female,30,8153624389,DL-17-5273972,282,Ahmedabad,2024-08-03,5.0,1001,32,Online
360,Anay Mody,Female,48,6585874261,DL-74-1866658,790,Bangalore,2025-10-08,4.3,2864,197,Online
361,Sathvik Singhal,Male,25,9076892915,DL-10-8807117,438,Bangalore,2023-05-12,4.5,1296,46,Online
362,Devika D’Alia,Male,21,9661040587,DL-29-2682969,161,Bangalore,2024-09-04,4.6,3908,159,Online
363,Jack Kohli,Female,51,6186017146,DL-50-4916930,690,Mumbai,2025-04-04,4.5,1098,79,Online
364,Charita Bhasin,Male,50,6826786757,DL-19-4672002,636,Delhi,2026-01-02,4.6,1010,60,Offline
365,Reyansh Sengupta,Male,52,7206245471,DL-71-7759262,253,Mumbai,2024-07-02,4.5,1366,31,Online
366,Kamala Salvi,Female,26,6369431446,DL-99-7012282,333,Mumbai,2022-03-03,4.5,3490,16,Online
367,Raksha Sani,Male,42,6866901833,DL-92-7190484,653,Mumbai,2025-03-09,4.5,943,48,Online
368,Pranit Saraf,Female,54,7920781673,DL-74-9882203,216,Surat,2023-12-14,4.6,2590,34,Online
369,Jagvi Suri,Female,44,9721382164,DL-85-7178999,153,Ahmedabad,2023-04-21,4.7,2591,182,Online
370,Vedika Barad,Female,39,8877032336,DL-55-1327686,446,Surat,2023-04-17,4.9,1506,30,Online
371,Vrishti Mital,Male,26,6089655848,DL-82-7736276,732,Surat,2025-02-20,4.5,3815,354,Online
372,Upkaar Tripathi,Female,48,9488119858,DL-88-3297000,252,Ahmedabad,2022-01-22,4.4,75,5,Online
373,Faraj Mann,Female,41,6279221358,DL-83-8738279,626,Ahmedabad,2024-02-22,4.0,735,3,Offline
374,Maanas Subramaniam,Male,22,9347667633,DL-31-2173335,432,Pune,2024-10-04,4.5,1801,13,Online
375,Champak Saraf,Male,24,9388875940,DL-30-7390447,496,Ahmedabad,2025-11-06,4.4,442,4,Offline
376,Kamala Ganguly,Female,53,6844076270,DL-54-1862326,666,Pune,2022-03-19,4.1,489,18,Offline
377,Anika Kadakia,Male,38,6738917309,DL-60-1597022,676,Surat,2023-08-13,4.9,1286,54,Online
378,Girik Chhabra,Female,37,7027119252,DL-46-5438772,389,Surat,2024-01-14,4.9,4083,0,Online
379,Caleb Kumar,Male,29,8159586521,DL-79-3014970,664,Bangalore,2022-06-09,4.8,2980,294,Online
380,Daniel Varty,Female,35,9718529579,DL-23-9613721,529,Surat,2024-11-17,4.6,4241,358,Online
381,Eesha Dasgupta,Female,40,6936243517,DL-17-1053852,38,Delhi,2022-12-17,4.6,4014,62,Online
382,Rudra Rastogi,Female,41,6122706368,DL-79-3596473,18,Bangalore,2023-06-01,4.6,1115,70,Online
383,Hredhaan Yogi,Male,43,8778416636,DL-70-2672286,522,Ahmedabad,2022-09-07,4.2,4860,261,Online
384,Chakradev Nayar,Male,25,8270907812,DL-93-3116192,538,Ahmedabad,2024-02-29,4.6,2853,103,Online
385,Timothy Saini,Male,52,9044464685,DL-55-6309950,147,Bangalore,2022-05-23,4.5,3420,311,Online
386,Jeremiah Khurana,Male,51,9735968134,DL-79-7094522,702,Delhi,2021-08-22,4.6,3984,45,Online
387,Dakshesh Pillai,Female,42,9533700140,DL-98-1383939,42,Mumbai,2023-01-08,4.4,1603,89,Offline
388,Ikshita Dhingra,Male,27,9428030620,DL-82-3445344,394,Delhi,2023-07-22,4.8,2716,123,Online
389,Ikbal Mannan,Female,22,6176046879,DL-80-5077359,6,Pune,2025-11-30,4.7,3609,264,Online
390,Geetika Dhawan,Male,39,7918326807,DL-70-6177263,200,Bangalore,2025-12-07,4.2,1480,145,Online
391,Forum Agate,Female,24,9159921106,DL-65-3687713,37,Pune,2024-10-31,4.2,4618,176,Offline
392,Ijaya Om,Male,34,9843184798,DL-53-8175714,535,Ahmedabad,2022-08-27,4.7,4472,300,Offline
393,Onveer Wagle,Male,24,8320847473,DL-73-3435542,436,Mumbai,2025-06-26,4.3,3914,219,Online
394,Indali Rama,Female,41,6929253584,DL-57-9852168,530,Bangalore,2021-10-31,4.8,1242,81,Online
395,Bhavini Tata,Male,32,8519322697,DL-14-9265041,779,Bangalore,2024-07-24,4.6,4422,424,Online
396,Udyati Balasubramanian,Female,41,6629079553,DL-12-5966383,403,Surat,2021-07-23,4.3,2279,34,Online
397,Ekantika Bakshi,Male,54,8594868149,DL-96-5516452,350,Ahmedabad,2021-05-20,4.8,4046,144,Offline
398,Avi Issac,Female,34,9326177447,DL-28-5971951,506,Bangalore,2025-05-21,4.8,1542,102,Offline
399,David Pau,Male,29,7576002447,DL-73-5592369,167,Delhi,2021-04-12,5.0,3418,107,Online
400,Ikbal Khalsa,Male,52,9295939263,DL-31-1690237,516,Surat,2022-04-07,4.5,4069,58,Offline
401,Manya Mammen,Male,40,7708377244,DL-92-3429919,593,Ahmedabad,2024-06-06,4.5,2272,119,Online
402,Abhiram Mishra,Male,42,9508898917,DL-90-4890892,574,Delhi,2021-05-31,4.0,582,12,Online
403,Adya Subramanian,Female,41,9923188289,DL-66-4159142,215,Delhi,2023-03-13,4.6,3960,351,Online
404,Waida Bedi,Female,34,7020406040,DL-78-7095743,473,Ahmedabad,2025-10-03,5.0,3007,175,Online
405,Sathvik Patel,Female,26,7535928255,DL-90-2717507,423,Ahmedabad,2021-08-11,4.6,2325,229,Online
406,Warda Bhattacharyya,Male,46,9261828203,DL-47-5052682,352,Ahmedabad,2024-10-19,4.3,4687,97,Online
407,Vritti Kibe,Male,46,9644391969,DL-10-6645673,336,Ahmedabad,2025-10-09,4.1,773,44,Offline
408,Radha Mitra,Female,36,6069057062,DL-85-5997529,232,Mumbai,2022-05-13,4.7,3315,320,Online
409,Pooja Madan,Female,54,8313004516,DL-97-3693623,745,Delhi,2021-04-17,4.4,3718,122,Offline
410,Yug Loyal,Female,48,6691417992,DL-98-3465935,451,Bangalore,2024-10-29,4.4,4065,366,Online
411,Charles Bhavsar,Female,22,8511185186,DL-95-2899083,8,Bangalore,2023-11-06,4.6,3393,219,Online
412,Damyanti Palla,Male,39,8827040420,DL-29-3131872,123,Mumbai,2023-05-12,4.8,4718,442,Online
413,Teerth Nagar,Female,22,9464993793,DL-33-9549431,310,Ahmedabad,2025-07-01,4.2,3041,174,Online
414,Guneet Chowdhury,Male,45,6363359000,DL-71-9354394,496,Ahmedabad,2021-09-25,4.0,808,61,Online
415,Samaksh Subramanian,Male,30,9719571498,DL-41-9505139,133,Pune,2024-01-04,4.9,2134,65,Online
416,Onveer Sharaf,Female,27,9029517904,DL-54-2347259,587,Ahmedabad,2021-05-20,4.2,854,9,Offline
417,Devansh Wali,Female,45,6578258541,DL-58-4746317,186,Mumbai,2022-07-06,4.6,1704,44,Online
418,Siya Arora,Female,29,8090641818,DL-42-3099191,174,Pune,2022-10-29,4.7,1798,165,Online
419,Vedant Jain,Male,28,7512658944,DL-92-2314796,249,Mumbai,2025-09-17,4.2,3287,15,Online
420,Onkar Talwar,Female,24,9868709507,DL-85-4028980,598,Bangalore,2022-12-31,4.2,4738,223,Offline
421,Gauri Sur,Female,55,8039386430,DL-97-9006966,719,Surat,2023-05-28,5.0,1887,31,Online
422,Bhavya Pal,Male,55,8822052326,DL-36-1958295,8,Delhi,2022-07-12,4.8,2454,21,Online
423,Eiravati Sampath,Female,52,8980260418,DL-13-9046912,658,Delhi,2025-11-01,4.3,2003,168,Online
424,Gagan Dora,Male,49,8589439833,DL-41-1279199,487,Pune,2023-07-28,4.3,1494,61,Online
425,Yashasvi Buch,Female,47,8728338970,DL-40-7493688,122,Ahmedabad,2022-02-28,4.1,828,0,Offline
426,Pratyush Viswanathan,Female,22,9922932765,DL-21-2406094,121,Bangalore,2024-05-07,4.7,1007,93,Online
427,Ishaan Sachdeva,Female,30,6673684579,DL-19-2249657,670,Delhi,2022-02-13,5.0,3489,322,Online
428,Ganga Badami,Male,29,8366719093,DL-14-2684407,41,Surat,2023-04-11,4.7,3806,91,Offline
429,Ekalinga Radhakrishnan,Female,47,7758165365,DL-37-5141399,109,Ahmedabad,2022-09-21,4.7,4786,319,Online
430,Jacob Raman,Female,55,7598598752,DL-95-4295553,612,Delhi,2025-12-24,4.7,471,37,Online
431,Aadi Kalita,Female,32,6025519854,DL-60-6899319,612,Surat,2024-11-21,4.8,272,25,Online
432,Ojas Sant,Male,22,9474861476,DL-92-9803499,678,Pune,2023-06-17,4.4,4028,40,Offline
433,Indrajit Varkey,Male,32,9241725480,DL-75-3573862,148,Bangalore,2024-09-11,4.4,2151,165,Online
434,Upasna Patla,Female,33,8783326012,DL-18-2408453,179,Delhi,2023-08-29,4.2,3044,193,Offline
435,Karan Srinivas,Female,45,8684350024,DL-71-3771671,306,Ahmedabad,2023-07-03,4.4,4021,202,Offline
436,Wyatt Garg,Male,51,6631314338,DL-81-2345965,785,Ahmedabad,2024-01-11,4.6,1826,154,Online
437,Yatan Chand,Male,43,7285588153,DL-11-5552031,409,Pune,2024-04-13,4.6,2465,144,Offline
438,Rushil Ramesh,Female,45,9232100931,DL-36-2453455,481,Delhi,2025-11-22,4.6,1450,68,Offline
439,Zinal Rajan,Female,35,6141565335,DL-34-8975716,293,Ahmedabad,2025-11-23,4.6,3461,13,Online
440,Chanakya Bahl,Female,55,7433039339,DL-50-1440193,734,Bangalore,2023-11-18,4.2,389,27,Offline
441,Ekani Karnik,Male,37,8899281746,DL-31-3819952,514,Delhi,2022-03-27,4.2,4396,2,Offline
442,Neel Sane,Male,38,8263509107,DL-26-9829606,281,Delhi,2023-10-11,4.5,3602,22,Online
443,Daksha Naidu,Male,29,7975014451,DL-65-7450658,405,Bangalore,2022-06-26,4.1,79,7,Online
444,Reva Sharma,Female,28,6610160440,DL-38-9318969,417,Ahmedabad,2024-11-27,4.7,330,22,Online
445,Fariq Sengupta,Female,29,9875607344,DL-10-9225716,388,Pune,2026-02-06,4.2,140,14,Online
446,Zaid Sangha,Male,33,9760072735,DL-49-1829065,161,Delhi,2024-03-28,4.7,2876,32,Online
447,Irya Barad,Male,36,7930537740,DL-23-9669645,142,Bangalore,2025-07-07,4.9,4661,148,Offline
448,Vamakshi Bakshi,Male,47,8107588310,DL-43-7479651,317,Mumbai,2023-05-28,4.2,1911,15,Offline
449,Rudra Mane,Female,37,8311020395,DL-99-3505052,403,Mumbai,2025-05-09,4.5,555,24,Online
450,Abha Savant,Male,42,6858697891,DL-38-8192456,712,Surat,2023-06-15,4.3,3581,289,Online
451,Nachiket Pandey,Female,34,8099225597,DL-23-1934115,533,Pune,2024-04-05,4.7,3445,65,Offline
452,Tanish Bedi,Male,37,6624237541,DL-92-7460820,736,Delhi,2021-07-23,4.3,1763,48,Online
453,Sara Lal,Female,25,9817365700,DL-53-1798380,698,Surat,2025-08-07,4.6,4383,78,Offline
454,Caleb Bhagat,Female,45,8542985366,DL-24-8482382,610,Surat,2025-12-08,4.9,4023,263,Online
455,Nimrat Chaudhry,Male,37,8452866103,DL-53-9677681,200,Bangalore,2021-12-30,4.4,3869,342,Online
456,Aarna Iyer,Female,35,8752086205,DL-62-1683976,32,Pune,2024-02-05,4.5,2390,0,Online
457,Eesha Shenoy,Male,42,8219304931,DL-65-6933150,238,Ahmedabad,2021-08-25,4.5,2209,159,Offline
458,Chatresh Raja,Male,43,6759506659,DL-61-7754942,327,Surat,2023-12-26,4.5,2994,60,Online
459,Megha Borah,Female,43,6237142607,DL-99-9634471,232,Bangalore,2021-12-30,4.5,2792,229,Online
460,Bhavani Goda,Female,32,9849856100,DL-24-1734018,527,Delhi,2023-07-04,4.7,3412,148,Online
461,Tanay Patil,Male,42,6863382258,DL-17-7582880,569,Surat,2024-05-16,5.0,1122,13,Online
462,Elijah Mannan,Male,38,6355053065,DL-26-9165517,275,Mumbai,2025-02-19,4.3,1885,182,Offline
463,Bishakha Rajagopalan,Female,35,9580579152,DL-44-1922561,553,Delhi,2025-03-31,4.2,3061,273,Offline
464,Januja Narayan,Female,30,7484702607,DL-31-2419078,612,Surat,2023-10-05,4.2,3413,113,Online
465,Joshua Keer,Male,24,8072940955,DL-50-7519859,544,Mumbai,2025-04-16,4.3,4992,77,Online
466,Gaurika Dasgupta,Male,45,9363073769,DL-51-4158134,427,Ahmedabad,2021-08-24,4.2,3715,340,Online
467,Yug Mallick,Male,22,9291375687,DL-55-5113720,547,Bangalore,2024-10-03,4.9,2052,49,Offline
468,Jairaj Khare,Male,34,6086909518,DL-59-2102757,470,Pune,2025-07-27,4.5,4977,7,Offline
469,Baljiwan Kuruvilla,Female,29,7283234628,DL-18-8527609,311,Surat,2022-08-27,4.3,3121,249,Online
470,Ekanta Narayan,Female,38,8344282255,DL-96-5865701,38,Delhi,2024-04-25,4.9,4039,260,Offline
471,Anika Krish,Female,50,9513817946,DL-93-8124554,282,Ahmedabad,2023-01-23,4.3,3466,290,Online
472,Joshua Borde,Female,54,8445019918,DL-85-2126281,90,Ahmedabad,2025-04-24,4.8,4845,463,Offline
473,Tristan Sami,Female,44,7043086172,DL-52-2748056,19,Mumbai,2021-10-23,4.4,2486,69,Online
474,Ekiya Arya,Female,39,8676352810,DL-90-6447807,468,Pune,2022-02-28,4.5,2439,63,Online
475,Aarav Puri,Female,47,8769164652,DL-69-1659891,278,Mumbai,2026-03-22,4.9,2588,248,Offline
476,Charles Samra,Female,48,9254142365,DL-15-9309330,497,Mumbai,2023-06-18,4.8,1508,102,Online
477,Aashi Krishna,Male,33,7822559779,DL-75-5190795,364,Delhi,2025-07-12,4.7,2926,70,Offline
478,Brijesh Saran,Male,35,6220992127,DL-24-6955166,203,Bangalore,2023-02-06,4.1,755,18,Online
479,Nathan Oak,Female,52,6379972879,DL-23-5730260,260,Pune,2025-05-23,4.4,1254,28,Online
480,Onkar Kuruvilla,Female,34,9783592476,DL-97-4706225,68,Surat,2025-07-15,4.8,3458,115,Online
481,Zayan Om,Female,33,6357920158,DL-88-2507138,219,Ahmedabad,2024-09-19,4.3,2116,55,Online
482,Michael Tank,Female,36,8888443737,DL-98-5783066,568,Surat,2023-07-09,4.8,2386,40,Offline
483,Oeshi Ramesh,Male,54,7921362617,DL-24-8967600,58,Bangalore,2023-01-28,4.6,1401,11,Offline
484,Lakshmi Vaidya,Female,53,7664477535,DL-64-8567501,586,Mumbai,2025-11-28,4.3,4519,190,Online
485,Qabil Behl,Female,33,8153865793,DL-27-2059628,216,Delhi,2021-10-09,4.6,2674,131,Online
486,Aarnav Sha,Male,53,8072802824,DL-92-8964370,577,Delhi,2023-01-24,4.5,3439,290,Online
487,Omkaar Babu,Male,28,7005501077,DL-92-4414678,118,Surat,2022-12-29,4.7,919,12,Online
488,Neelima Doshi,Male,55,7181969468,DL-54-5183389,691,Surat,2021-07-01,4.8,1467,23,Online
489,Ganga Anne,Male,50,8386248461,DL-89-2929574,125,Mumbai,2021-09-15,4.8,1980,98,Online
490,Jagvi Gulati,Female,33,8666077183,DL-80-3268307,790,Surat,2022-05-13,4.3,94,6,Offline
491,Avi Lala,Female,33,6842663273,DL-48-1915767,147,Ahmedabad,2022-02-11,3.7,129,6,Offline
492,Bhavna Banerjee,Male,27,8539026694,DL-29-7549942,9,Delhi,2026-01-11,4.3,3623,351,Online
493,Jyoti Vaidya,Female,35,9309002958,DL-74-8640432,459,Mumbai,2025-07-09,4.9,3785,129,Offline
494,Gaurav Dugal,Female,33,6262509079,DL-50-3591232,757,Bangalore,2025-12-24,4.9,2439,34,Offline
495,Aditya Hari,Male,39,6586989090,DL-32-2610883,188,Delhi,2024-03-30,4.6,462,33,Online
496,Idika Varkey,Male,26,9539979729,DL-62-6322332,480,Delhi,2025-06-10,4.7,4525,217,Offline
497,Radhika Chakrabarti,Female,55,6436185650,DL-93-6260487,64,Bangalore,2022-09-02,4.3,3386,249,Online
498,Vedhika Bala,Male,44,7528708936,DL-23-3351129,135,Surat,2023-08-22,4.2,810,68,Online
499,Yatan Malhotra,Female,35,8436286263,DL-68-5391823,410,Bangalore,2023-07-10,4.5,3495,193,Online
500,Netra Dada,Female,52,7805074633,DL-36-3237742,117,Surat,2025-02-21,4.8,4475,88,Offline
501,Vasudha Dora,Male,43,7746090200,DL-57-3733364,697,Delhi,2026-03-29,4.2,158,14,Offline
502,Siddharth Saraf,Female,55,6807613900,DL-77-4036656,337,Surat,2025-06-12,4.9,4843,452,Offline
503,Nihal Mani,Female,30,6513507499,DL-53-3133229,754,Surat,2022-06-04,4.5,2265,186,Online
504,Rayaan Thaman,Male,23,8390658024,DL-78-4051535,174,Bangalore,2021-07-07,4.7,3198,125,Offline
505,Sanya Mani,Male,51,8828125868,DL-65-4614480,658,Surat,2022-11-29,4.6,2440,244,Online
506,Dayita Biswas,Female,33,8241696635,DL-89-3342537,383,Mumbai,2024-08-04,4.6,4851,96,Offline
507,Jairaj Varghese,Female,49,8225267952,DL-24-9796296,97,Ahmedabad,2021-06-08,3.6,69,0,Online
508,Bhavika Nath,Female,27,7504455393,DL-11-6135552,598,Bangalore,2024-11-22,4.4,950,64,Online
509,Aditya Suri,Male,54,6876250310,DL-66-1339635,349,Surat,2022-12-08,4.7,734,0,Online
510,Arjun Dhillon,Female,32,9013920555,DL-53-7667765,19,Delhi,2022-05-20,4.3,642,13,Online
511,Shivansh Sekhon,Female,30,9831258118,DL-33-5600453,515,Mumbai,2022-02-21,4.5,1969,17,Online
512,Bhavika Bora,Male,34,7796875346,DL-94-6161085,563,Mumbai,2023-04-30,4.2,123,11,Online
513,Onkar Lanka,Male,48,6846004944,DL-75-1714784,273,Mumbai,2022-07-03,4.5,4276,307,Offline
514,Quincy Swaminathan,Male,31,6595427154,DL-91-8967223,194,Surat,2025-04-28,4.3,484,21,Online
515,Ishwar Raj,Female,40,7285997552,DL-17-9148555,592,Mumbai,2024-11-02,4.5,3867,61,Online
516,Reyansh Gandhi,Female,24,6280336333,DL-72-4869843,728,Delhi,2023-06-18,4.2,4782,329,Online
517,Dipta Palan,Male,44,9316720128,DL-62-1540895,524,Surat,2025-08-11,4.6,4088,340,Offline
518,Mekhala Manne,Female,30,9575427771,DL-52-1834497,761,Delhi,2021-05-31,4.5,1590,61,Offline
519,Watika Halder,Female,42,6327396326,DL-13-6166809,782,Ahmedabad,2022-04-06,4.0,999,70,Online
520,Turvi Bhargava,Female,50,8347560622,DL-58-6362161,702,Ahmedabad,2023-04-16,4.5,1137,14,Online
521,Upasna Sankar,Male,46,9478127948,DL-57-5303964,702,Bangalore,2026-02-08,4.3,3562,197,Offline
522,Sathvik Anand,Male,34,6458459995,DL-31-4086988,19,Bangalore,2023-11-30,4.3,3749,234,Online
523,Nitara Mani,Female,42,7544732941,DL-72-6127185,725,Surat,2025-05-25,4.4,1638,26,Offline
524,Warjas Bains,Male,50,8199582014,DL-10-9876805,468,Mumbai,2024-12-18,4.8,4482,227,Online
525,Vrinda Venkataraman,Female,38,9346322092,DL-19-8416754,217,Delhi,2022-01-02,4.3,1947,148,Offline
526,Siya Bahl,Male,36,8384552289,DL-82-3012671,493,Ahmedabad,2021-11-12,4.5,1933,0,Offline
527,Yagnesh Mand,Male,36,7752762828,DL-76-6915624,373,Bangalore,2024-04-18,4.4,3722,311,Online
528,Bhavya Bumb,Female,45,6248464497,DL-56-7313545,702,Surat,2023-05-29,4.4,1143,10,Offline
529,Hemangini Dash,Male,40,7149842290,DL-21-5787705,586,Pune,2022-10-21,4.3,2882,29,Online
530,Oviya Sagar,Male,47,6293672754,DL-30-4042345,170,Mumbai,2023-10-15,4.4,3248,62,Online
531,Saumya Upadhyay,Male,47,9589731300,DL-17-2721099,648,Pune,2025-10-03,4.9,2186,161,Online
532,Yug Bassi,Male,45,7723031959,DL-44-3354212,287,Mumbai,2024-12-03,4.3,3853,372,Online
533,Alexander Wagle,Female,51,8804959920,DL-67-1947026,442,Mumbai,2023-04-21,5.0,1280,76,Online
534,Chaitanya Prasad,Male,40,6154847628,DL-24-3968211,542,Ahmedabad,2025-02-08,4.1,142,14,Online
535,Aahana Dixit,Female,40,9699116274,DL-82-8501559,80,Mumbai,2021-10-01,3.6,105,9,Online
536,Manthan Dhaliwal,Male,24,8081555941,DL-47-9858982,504,Bangalore,2024-02-03,4.2,1168,89,Offline
537,Eesha Kant,Male,50,7612679355,DL-38-4988137,241,Pune,2024-03-27,4.2,4544,453,Offline
538,Ekansh Loke,Male,45,7686281598,DL-25-4492009,196,Surat,2024-11-22,4.4,4040,212,Online
539,Lajita Chakraborty,Male,44,9845210113,DL-25-5528027,128,Ahmedabad,2025-02-18,4.8,851,58,Offline
540,Gavin Ghosh,Female,47,9886847359,DL-18-5382206,219,Surat,2024-11-17,3.7,164,9,Online
541,Ayushman Sunder,Male,33,6945266240,DL-67-1991424,481,Surat,2022-12-20,4.9,3488,204,Online
542,Mohammed Prabhu,Female,41,7542948051,DL-63-5085626,326,Delhi,2025-04-14,4.4,2399,146,Offline
543,Gautam Oommen,Female,32,7189387762,DL-11-8611577,554,Mumbai,2023-05-16,4.9,4943,329,Online
544,Triveni Dhar,Male,29,6460872044,DL-21-2759378,572,Bangalore,2024-01-20,4.7,3820,218,Online
545,Meera Aurora,Male,32,7315184235,DL-39-9412935,301,Pune,2023-12-10,4.4,866,21,Offline
546,Ria Ramesh,Male,22,8055879257,DL-16-4101608,427,Surat,2023-09-01,4.5,2110,39,Online
547,Kevin Gopal,Male,52,9231980830,DL-75-5465064,309,Mumbai,2024-07-06,4.5,749,17,Online
548,Geetika Dora,Male,35,6436181185,DL-40-2539028,50,Mumbai,2024-11-26,4.7,1279,57,Offline
549,Gagan Mannan,Male,42,9306921362,DL-99-3552483,462,Ahmedabad,2021-09-14,4.3,1031,5,Offline
550,Falak Sarin,Male,51,9188802818,DL-51-7506941,692,Delhi,2025-08-23,4.5,4899,174,Online
551,Abeer Hari,Male,42,6034560565,DL-23-5346657,73,Surat,2025-11-21,5.0,2307,142,Online
552,Agastya Dhar,Male,41,7439154667,DL-85-9620694,763,Pune,2024-05-08,4.5,3364,307,Offline
553,Bhavika Bahri,Female,49,9960787922,DL-51-1094901,614,Bangalore,2023-09-13,4.6,952,2,Online
554,Falguni Patla,Male,49,6522660821,DL-26-9724203,295,Ahmedabad,2024-05-09,4.3,3792,242,Offline
555,Sanya Palla,Male,22,8336287142,DL-36-9836589,591,Delhi,2023-03-08,4.7,2762,204,Online
556,Eesha Chaudry,Male,27,6666775023,DL-81-5704158,17,Bangalore,2025-06-09,4.9,4982,29,Online
557,Ansh Halder,Male,53,7194519552,DL-71-9190998,619,Surat,2023-10-09,4.5,2712,98,Online
558,Priya Master,Female,47,6714335956,DL-74-8634868,224,Ahmedabad,2025-09-03,4.9,2359,183,Online
559,Parth Dugar,Male,28,7852379482,DL-26-3345798,648,Bangalore,2022-02-18,4.4,2740,188,Online
560,Kabir Vig,Male,50,7184097113,DL-28-1215898,672,Bangalore,2022-05-21,4.5,3034,245,Online
561,Chatresh Kibe,Female,21,8271361264,DL-53-8389291,721,Bangalore,2022-04-19,3.7,70,3,Online
562,Sachi Bhasin,Female,32,9158668184,DL-58-1228077,572,Mumbai,2023-08-03,4.5,4271,37,Online
563,Michael Varkey,Male,54,6188281446,DL-14-6504190,598,Ahmedabad,2023-09-08,4.3,1738,70,Offline
564,Alka Ghosh,Female,30,9388754534,DL-93-2374839,132,Mumbai,2025-02-24,4.8,3379,37,Online
565,Daniel Gole,Male,30,9240618563,DL-62-2685870,417,Delhi,2022-11-03,4.4,4219,179,Offline
566,Jasmit Choudhary,Male,43,6668462599,DL-31-4348486,321,Bangalore,2024-01-04,4.9,1911,34,Online
567,Jagrati Mand,Female,51,7510617845,DL-30-6195211,58,Ahmedabad,2025-01-08,4.4,3559,113,Online
568,Advay Prakash,Male,55,6879915021,DL-12-2484265,646,Bangalore,2023-02-03,4.9,4864,220,Online
569,Radhika Jain,Female,30,7620537346,DL-54-6173398,458,Ahmedabad,2024-09-18,4.3,837,52,Online
570,Vedant Ram,Female,49,8082418761,DL-90-9839144,738,Ahmedabad,2021-08-28,4.9,3775,230,Offline
571,Dhruv Saran,Male,26,6587962422,DL-95-5326596,473,Bangalore,2024-08-04,4.4,2412,34,Offline
572,Jeet Tata,Male,30,9020412536,DL-81-7503882,427,Pune,2024-07-03,4.3,85,1,Online
573,Nathan Bhatia,Male,43,8944637434,DL-87-8116300,54,Pune,2021-11-27,4.9,2217,85,Online
574,Zaid Sastry,Female,36,6785210829,DL-45-7138294,19,Delhi,2024-01-18,4.5,293,18,Online
575,Kabir Char,Female,29,9800258839,DL-70-4616889,414,Delhi,2025-02-18,4.3,4769,97,Online
576,Reyansh Wable,Female,29,8604524842,DL-36-5190589,626,Delhi,2025-10-21,5.0,4663,25,Online
577,Shivansh Khare,Male,29,6017119701,DL-27-4203476,417,Delhi,2024-02-15,4.8,2846,170,Offline
578,Jonathan Khatri,Male,51,9027703205,DL-94-3455122,525,Delhi,2023-11-24,4.8,4100,45,Online
579,Amol Bajaj,Female,41,9388864528,DL-75-8899942,658,Delhi,2021-10-07,4.4,2586,121,Online
580,Gayathri Vora,Female,52,6242597710,DL-35-3220585,430,Surat,2023-12-26,4.9,2474,176,Online
581,Krishna Bedi,Male,22,6068431349,DL-24-6083730,28,Pune,2022-11-06,4.4,2528,173,Offline
582,Bimala Comar,Male,41,6960284876,DL-78-4173998,276,Mumbai,2023-03-05,4.9,2565,250,Offline
583,Chaitaly Mital,Male,53,7427937692,DL-85-1223154,443,Pune,2022-04-04,4.5,939,27,Online
584,Ria Biswas,Female,44,6125866058,DL-46-1418403,422,Pune,2024-02-29,4.8,4449,132,Offline
585,Jagrati Hayre,Female,50,9763975080,DL-21-7110878,67,Delhi,2022-10-13,4.1,600,6,Online
586,Ekbal Vasa,Male,35,8310101312,DL-12-5656973,589,Mumbai,2024-02-29,4.6,3393,299,Online
587,Tanmayi Gara,Male,44,7221488789,DL-82-3942743,471,Ahmedabad,2021-07-24,4.5,2300,116,Online
588,Nitesh Ram,Female,45,6944651347,DL-71-7048551,101,Mumbai,2023-05-14,4.3,918,46,Online
589,Vivaan Badal,Female,29,8767348808,DL-34-2327769,388,Bangalore,2024-12-13,4.3,1043,6,Online
590,Triya Brar,Female,44,8671965665,DL-51-3184309,438,Ahmedabad,2024-10-05,4.4,2495,249,Online
591,Irya Ganesan,Female,32,6515117880,DL-89-7036281,534,Surat,2023-07-31,4.3,1630,88,Online
592,Hardik Bains,Male,34,6923288906,DL-77-1189191,739,Ahmedabad,2024-10-06,4.2,2027,162,Online
593,Akshay Anand,Female,25,7296431583,DL-97-9451187,558,Delhi,2021-11-05,4.8,3041,22,Online
594,Mitesh Mohan,Male,23,7786809605,DL-93-8847110,2,Surat,2021-12-19,4.6,4658,59,Offline
595,Quincy Saha,Male,36,8437355328,DL-46-4391955,45,Surat,2022-09-16,4.6,4206,416,Online
596,Faris Parekh,Male,33,8420770338,DL-15-3930828,96,Pune,2026-04-01,4.7,1349,33,Offline
597,Xavier Dani,Male,49,8011232855,DL-16-5985797,168,Ahmedabad,2022-03-03,4.1,72,7,Offline
598,Yahvi Saha,Female,55,6752771973,DL-92-1206398,656,Mumbai,2025-03-09,5.0,2478,149,Online
599,Manbir Nadig,Female,30,7160641202,DL-48-1436820,193,Delhi,2024-04-28,4.6,4508,404,Online
600,Mohammed Kunda,Female,38,7441566609,DL-86-2861673,640,Delhi,2025-01-23,4.5,1680,154,Online
601,Harshil Prabhakar,Male,28,6965513108,DL-20-4454428,495,Mumbai,2024-07-04,4.9,1178,30,Online
602,Prisha Singh,Male,22,6735007696,DL-73-8421496,340,Mumbai,2025-06-21,4.3,546,0,Online
603,Onkar Pandit,Female,46,8902853640,DL-89-9641644,455,Delhi,2023-10-29,4.4,3767,311,Online
604,Jagvi Karnik,Male,22,7643939099,DL-70-1317019,431,Ahmedabad,2025-03-27,5.0,2435,79,Online
605,Laksh Varughese,Male,43,9648145727,DL-53-6728792,6,Mumbai,2026-01-12,4.4,4820,344,Offline
606,Rishi Varty,Male,27,8086925531,DL-56-6918050,609,Ahmedabad,2022-02-28,4.5,323,20,Offline
607,Dev Parmar,Female,55,8917097782,DL-80-8104677,718,Pune,2024-12-19,4.5,4975,340,Offline
608,Yasti Kumar,Female,42,9910099744,DL-27-5936370,37,Bangalore,2024-12-03,4.7,2718,206,Online
609,Bhavika Buch,Female,32,9267619941,DL-79-1316514,412,Delhi,2022-06-18,4.3,2837,72,Online
610,Yashica Nagarajan,Male,50,9971814536,DL-69-6285592,635,Mumbai,2022-07-29,4.9,4022,137,Online
611,Madhav Kaul,Male,25,7503997842,DL-75-2788390,383,Surat,2022-04-24,4.1,152,14,Online
612,Kevin Krishna,Female,29,6428613623,DL-86-4676708,422,Mumbai,2024-03-03,4.6,1326,16,Online
613,Raghav Randhawa,Male,30,8696002619,DL-36-6522769,423,Pune,2022-01-30,4.9,3381,309,Online
614,Arya Pai,Female,21,7787218703,DL-76-2814450,116,Ahmedabad,2025-04-28,4.5,2775,68,Online
615,Yadavi Sabharwal,Female,21,9904539745,DL-32-4846515,521,Mumbai,2022-04-01,4.8,513,17,Online
616,Hiral Dass,Male,25,9717717368,DL-81-1387324,231,Mumbai,2022-12-13,4.0,878,52,Online
617,Yagnesh Sama,Female,52,6779470271,DL-62-8381892,464,Pune,2025-06-16,4.9,4726,431,Online
618,Chandran Yadav,Male,24,8238494808,DL-64-1540673,728,Mumbai,2023-06-21,4.8,4021,74,Online
619,Faqid Mutti,Male,44,9306546425,DL-94-1342885,465,Bangalore,2021-06-02,4.3,2937,10,Offline
620,Ladli Chandra,Female,25,8997654132,DL-80-9439114,46,Delhi,2022-05-25,4.5,3573,63,Online
621,Michael Zacharia,Female,29,6837197771,DL-53-6113987,516,Surat,2024-03-21,4.1,603,42,Online
622,Arin Banik,Male,27,7697022990,DL-42-5981604,792,Mumbai,2025-07-15,4.2,1367,124,Online
623,Charita Sodhi,Male,22,8502463618,DL-98-9846699,717,Ahmedabad,2021-08-22,4.6,4026,102,Online
624,Tara Chopra,Female,53,6759627453,DL-24-3559181,428,Surat,2025-06-26,4.6,4864,62,Online
625,Xiti Patla,Male,23,6742085300,DL-91-8999721,430,Bangalore,2024-03-30,4.4,2088,74,Offline
626,Shivansh Seshadri,Male,27,8890004755,DL-48-8622158,272,Delhi,2024-04-05,4.5,811,1,Offline
627,Tanveer Mital,Male,51,6684057176,DL-20-2532336,237,Ahmedabad,2024-03-28,4.4,3596,318,Offline
628,Odika Saxena,Male,24,8211024933,DL-78-1498880,670,Surat,2025-06-27,4.6,4672,65,Offline
629,Wridesh Patla,Male,53,7435736211,DL-76-3169538,76,Ahmedabad,2023-11-07,4.5,1522,19,Online
630,Gaurang Shere,Male,23,6303695056,DL-23-8715952,92,Ahmedabad,2023-06-01,4.6,474,12,Online
631,Chandani Salvi,Male,21,7987610430,DL-72-8572229,758,Bangalore,2024-12-21,4.3,1502,104,Online
632,Karan Balasubramanian,Male,43,6363555406,DL-91-7122382,213,Delhi,2025-07-12,4.6,1869,160,Online
633,Amaira Iyer,Male,40,7865342525,DL-20-4245772,556,Pune,2026-04-01,4.4,4108,142,Online
634,Tripti Taneja,Male,26,6300895905,DL-44-7188096,354,Bangalore,2024-01-20,4.7,402,5,Online
635,Saksham Chad,Male,36,6325892410,DL-87-8475691,275,Pune,2024-12-29,4.5,4008,125,Online
636,Qushi Datta,Female,42,9385355590,DL-28-1761088,746,Mumbai,2023-09-02,4.6,3916,83,Online
637,Balvan Nazareth,Male,35,7279123521,DL-47-6352053,421,Ahmedabad,2024-05-30,4.0,924,84,Offline
638,Zashil Doshi,Male,23,7450278030,DL-87-3836726,773,Delhi,2024-04-01,4.3,4308,161,Online
639,Henry Suri,Male,45,9979381705,DL-71-3482157,746,Ahmedabad,2024-07-04,4.8,3089,67,Offline
640,Tara Barman,Female,29,8510061777,DL-68-9688282,302,Mumbai,2025-05-04,4.6,3308,296,Online
641,Yashoda Kumer,Male,41,8796001779,DL-74-4971871,344,Pune,2022-01-07,4.6,4633,297,Offline
642,Aarna Sarna,Male,41,8834930083,DL-86-7624204,227,Pune,2023-02-04,4.6,1942,119,Online
643,Abdul Ramanathan,Male,50,6674246757,DL-98-4351788,284,Bangalore,2025-09-02,4.3,3094,304,Online
644,Amaira Bobal,Male,43,8249611742,DL-71-4818021,94,Pune,2024-09-23,3.8,143,4,Online
645,Frado Badami,Male,25,8164359208,DL-72-2422557,757,Surat,2023-01-21,4.8,3610,164,Online
646,Om Panchal,Female,21,7504167626,DL-87-8648481,794,Mumbai,2022-12-08,4.6,2291,124,Online
647,Nirja Upadhyay,Female,53,6342746064,DL-41-5856033,458,Bangalore,2022-06-28,4.2,417,29,Online
648,Wyatt Iyer,Male,52,7148606562,DL-54-4233182,409,Mumbai,2024-04-30,4.4,2679,237,Online
649,Chatresh Wali,Female,23,8896392802,DL-91-5949400,570,Ahmedabad,2024-08-15,4.1,239,20,Online
650,Urishilla Goyal,Female,49,9612095236,DL-28-1403572,627,Delhi,2025-10-12,4.5,4038,39,Online
651,Neel Rege,Male,23,7207674080,DL-42-6490800,351,Surat,2023-08-07,4.2,4356,388,Online
652,Samar Zachariah,Male,42,7808337269,DL-66-3484627,321,Ahmedabad,2025-09-24,4.8,4646,89,Online
653,Upkaar Mangal,Female,35,8238259229,DL-74-7630399,320,Bangalore,2022-10-05,4.4,4861,465,Online
654,Ekalinga Hari,Female,38,6777972764,DL-53-7591121,641,Bangalore,2024-12-10,4.4,848,76,Offline
655,Janaki Parmar,Female,29,6249246264,DL-93-8313376,669,Delhi,2025-07-24,4.8,3067,196,Offline
656,Tanvi Sahota,Female,49,7731268823,DL-41-2552904,166,Ahmedabad,2022-09-07,4.2,921,31,Offline
657,Naveen Bhardwaj,Female,43,8931554548,DL-54-7694963,350,Surat,2022-11-18,4.8,711,20,Online
658,Gaurika Garde,Male,52,6000952993,DL-41-4996898,752,Surat,2023-09-20,4.3,811,35,Online
659,Yash Maharaj,Male,30,9656194861,DL-92-3380886,185,Pune,2025-02-02,3.6,167,16,Online
660,Daksha Solanki,Male,45,8113650261,DL-33-6764497,355,Surat,2025-04-19,4.8,3015,281,Offline
661,Kavya Dass,Male,42,7729903452,DL-22-8811675,76,Surat,2021-06-21,4.7,1036,16,Online
662,Girik Dixit,Male,47,8828926868,DL-48-4470655,321,Delhi,2021-10-06,4.3,945,1,Online
663,Osha Puri,Female,24,8543477285,DL-33-6196436,597,Ahmedabad,2021-11-26,5.0,4208,210,Online
664,Ishaan Chakrabarti,Female,51,6899633320,DL-76-4939356,257,Surat,2023-01-01,4.9,4040,213,Online
665,Omkaar Brahmbhatt,Female,53,8422170419,DL-39-6799929,229,Mumbai,2021-06-29,4.9,4645,358,Online
666,Aditya Oommen,Female,54,8032908799,DL-77-9325104,615,Mumbai,2025-03-30,3.8,58,2,Offline
667,Bhavna Parekh,Male,33,7159403991,DL-32-6864088,457,Mumbai,2023-10-28,5.0,2509,160,Offline
668,Banjeet Patla,Female,39,8453504203,DL-96-2170121,98,Ahmedabad,2022-12-23,4.4,3685,71,Online
669,Qushi Kant,Female,49,9333634706,DL-59-8736687,279,Bangalore,2022-11-30,4.4,904,17,Online
670,Adweta Comar,Female,31,9779845570,DL-53-8916686,707,Pune,2024-08-02,4.9,3601,71,Online
671,Aahana Krishnamurthy,Female,26,9346204462,DL-21-1236934,446,Delhi,2023-01-19,4.7,2888,270,Online
672,Warda Sabharwal,Female,51,9857900866,DL-66-1300933,303,Ahmedabad,2021-11-18,4.8,2538,64,Online
673,Radhika Ravi,Female,35,8565431092,DL-93-9781099,300,Pune,2025-02-26,4.7,1152,63,Online
674,Ishaan Sama,Female,29,8022413420,DL-75-9099644,406,Delhi,2022-03-19,4.9,3116,104,Online
675,Elijah Kohli,Female,22,9946763173,DL-46-5134847,306,Delhi,2025-01-27,4.2,4727,342,Offline
676,Advika Sachdeva,Male,48,6531016713,DL-17-8078523,381,Bangalore,2022-08-27,4.5,3744,16,Online
677,Saumya Kala,Female,42,6080703232,DL-91-6684974,752,Delhi,2023-09-19,4.6,4222,194,Online
678,Sai Swaminathan,Female,44,8305260812,DL-78-9343183,9,Ahmedabad,2021-08-17,4.2,556,46,Online
679,Chaaya Dara,Male,55,8308526192,DL-78-1943418,550,Bangalore,2022-08-10,4.6,4913,276,Offline
680,Nathaniel Bora,Male,25,9618394261,DL-96-8626711,300,Mumbai,2022-04-21,4.6,3736,270,Online
681,Girik Sandal,Male,48,6509598247,DL-49-6731415,227,Surat,2021-07-26,4.9,3736,0,Offline
682,Krishna Shan,Female,28,7723904576,DL-52-9717414,36,Delhi,2023-02-28,5.0,3782,174,Online
683,Rayaan Goel,Male,53,8063004259,DL-94-2391722,300,Surat,2024-07-19,4.8,2065,197,Offline
684,Lakshmi Mani,Female,23,9630861394,DL-10-1952487,213,Pune,2023-12-18,3.7,174,2,Offline
685,Raksha Ramesh,Male,35,7348999785,DL-97-6076851,518,Delhi,2023-08-24,4.3,925,47,Offline
686,Anmol Mani,Female,40,6161772737,DL-48-3683225,743,Mumbai,2024-07-27,4.5,3688,300,Online
687,Andrew Sekhon,Female,25,9864021059,DL-93-2604550,717,Mumbai,2023-02-08,4.5,1799,18,Offline
688,Advay Kuruvilla,Male,48,7825329732,DL-90-9412900,634,Ahmedabad,2025-06-25,4.7,4487,43,Online
689,Megha Raval,Female,38,6792504232,DL-89-2947112,101,Ahmedabad,2025-07-27,4.2,766,9,Offline
690,Krishna Walia,Female,36,9667081535,DL-52-2546374,578,Mumbai,2026-04-02,4.4,1581,97,Online
691,Xavier Kala,Female,22,8885837734,DL-63-6115773,474,Delhi,2021-11-14,4.0,633,30,Online
692,Pranit Goyal,Female,21,7014069995,DL-31-9825942,264,Pune,2021-06-12,4.2,2227,84,Online
693,Rachita Rajagopal,Male,40,6384132975,DL-81-6001615,381,Bangalore,2025-08-15,4.5,4493,87,Online
694,Chanchal Chawla,Female,26,8459402209,DL-35-6848807,20,Delhi,2021-07-10,4.8,1668,147,Online
695,Indali Rajan,Female,27,8249539649,DL-19-4642241,479,Surat,2024-07-24,4.2,1432,86,Online
696,Michael Tandon,Male,21,7595164445,DL-60-4529508,142,Pune,2022-04-29,4.6,3119,59,Online
697,Nathaniel Garg,Male,29,9196401706,DL-74-4881837,403,Delhi,2023-09-17,4.5,1942,191,Online
698,Vasatika Khatri,Female,42,6707053038,DL-57-6215075,95,Delhi,2022-03-13,4.7,350,25,Online
699,Ekanta Agate,Male,41,8960902057,DL-39-5423910,214,Mumbai,2025-05-16,4.6,881,85,Online
700,Imaran Dua,Male,41,8215644484,DL-29-4994596,211,Pune,2024-05-13,5.0,4764,436,Online
701,Brijesh Sharma,Male,31,9220004405,DL-74-6670027,699,Mumbai,2022-11-19,4.4,4912,63,Online
702,Faqid Magar,Female,40,7228944360,DL-89-6285080,767,Pune,2023-06-16,4.8,3808,275,Offline
703,Lakshmi Kamdar,Male,29,7882706553,DL-93-2200926,727,Mumbai,2022-07-04,4.4,3113,311,Offline
704,Waida Solanki,Female,53,7893657157,DL-38-7291806,770,Delhi,2022-12-20,4.5,571,48,Online
705,Parth Thakkar,Female,35,8231694280,DL-55-2304247,541,Surat,2025-09-29,4.3,4601,100,Offline
706,Viraj Amble,Female,46,7405978238,DL-59-3520214,515,Bangalore,2024-11-21,4.6,4219,211,Offline
707,Pratyush Sidhu,Female,51,9106116275,DL-36-1805528,182,Delhi,2023-03-29,4.6,3815,149,Online
708,Theodore Hora,Male,24,7598238890,DL-19-1765377,141,Surat,2025-08-08,5.0,3079,53,Online
709,Sai Minhas,Male,37,8714957140,DL-70-8077722,415,Ahmedabad,2023-10-18,4.4,1461,41,Online
710,Dhriti Edwin,Male,28,8907470538,DL-53-2308731,644,Bangalore,2022-03-25,4.3,4419,341,Offline
711,Mason Bajaj,Female,26,8077645393,DL-37-9691719,43,Ahmedabad,2025-05-08,5.0,2197,123,Online
712,Wakeeta De,Female,32,7246034164,DL-79-1628720,173,Delhi,2026-03-09,4.3,182,15,Online
713,Qushi Sane,Female,32,7844222357,DL-77-5935464,612,Delhi,2025-10-05,4.2,1215,29,Offline
714,Aahana Bassi,Female,41,6927497574,DL-81-4109476,482,Ahmedabad,2023-12-05,4.2,3797,293,Online
715,Wakeeta Raja,Male,41,8840829744,DL-45-6670953,80,Mumbai,2023-12-18,4.1,459,13,Online
716,Parth Shenoy,Female,29,9854376034,DL-98-1708658,470,Bangalore,2024-09-21,4.8,2462,224,Online
717,Samuel Randhawa,Male,55,8842663864,DL-79-6542303,329,Pune,2022-11-12,4.6,3977,7,Online
718,Varsha Hayer,Female,50,7818091270,DL-76-8470774,245,Surat,2021-07-02,4.6,2523,205,Offline
719,Gaurika Bhardwaj,Male,21,9479083832,DL-93-7378785,573,Ahmedabad,2021-04-24,4.6,1267,119,Offline
720,Matthew Rege,Female,53,7630650595,DL-25-5778398,371,Ahmedabad,2021-12-24,4.5,904,18,Offline
721,Sneha Shan,Male,27,7457592154,DL-37-5288675,223,Delhi,2025-07-11,4.6,3554,171,Online
722,Lipika Minhas,Male,43,6816934653,DL-25-2195786,720,Bangalore,2025-08-17,4.3,2682,142,Online
723,Andrew Hans,Female,22,8315889098,DL-14-8240530,708,Ahmedabad,2023-04-10,4.5,2652,220,Online
724,Adweta Seshadri,Female,36,9764975166,DL-54-9858467,399,Pune,2023-07-03,4.6,1197,54,Online
725,Zansi Sandhu,Male,50,6946537049,DL-91-9498490,622,Bangalore,2021-12-24,4.8,3193,58,Online
726,Jagat Kale,Male,51,9044335465,DL-46-7140524,155,Ahmedabad,2023-05-20,4.6,2504,8,Online
727,Aachal Kashyap,Female,47,6402616043,DL-25-7757840,447,Mumbai,2023-07-15,4.0,615,60,Offline
728,Gauri Bhatia,Male,54,9039334554,DL-13-3053223,471,Pune,2023-11-01,4.3,151,9,Online
729,Sarthak Varughese,Female,35,6214723739,DL-35-2621427,279,Ahmedabad,2024-06-15,4.6,4127,38,Online
730,Vyanjana Raja,Female,36,9239717082,DL-41-2681966,633,Ahmedabad,2022-09-06,4.6,3473,299,Online
731,Chaitanya Khosla,Male,25,7534324676,DL-79-6892921,738,Mumbai,2025-01-28,4.8,2219,122,Offline
732,Jackson Brahmbhatt,Female,52,9201772004,DL-46-8672544,624,Bangalore,2023-07-04,4.8,987,35,Online
733,Hemang Verma,Female,40,7735055864,DL-16-9738652,693,Pune,2023-11-14,4.5,2243,103,Online
734,Yashvi Kala,Female,55,6564600543,DL-21-9938284,244,Mumbai,2026-02-13,4.2,3985,246,Online
735,Arin Kumer,Female,37,9521273392,DL-40-2288098,252,Mumbai,2024-03-14,4.8,4937,377,Online
736,Yagnesh Sheth,Male,34,6777536215,DL-57-6343201,100,Surat,2023-09-11,4.6,4778,38,Offline
737,Deepa Kata,Male,37,7831117412,DL-89-3792899,543,Pune,2026-03-16,4.3,2572,39,Online
738,Pahal Karnik,Female,52,7718674152,DL-11-2414826,153,Pune,2023-01-25,4.3,2614,25,Online
739,Samarth Srinivasan,Male,36,9353790296,DL-16-1141139,267,Pune,2023-10-06,4.7,211,5,Offline
740,Ekapad Boase,Female,35,6470115231,DL-61-4011858,388,Delhi,2025-11-02,4.3,1447,61,Online
741,Ansh Gala,Female,52,9382155690,DL-66-5080406,250,Surat,2024-01-25,4.4,1834,108,Online
742,Chakradhar Narain,Female,36,7369212747,DL-42-5498787,661,Bangalore,2026-03-25,4.3,672,47,Online
743,Tanveer Narasimhan,Male,54,6350097911,DL-47-5768118,303,Delhi,2023-02-07,4.4,636,53,Offline
744,Ekapad Krish,Male,35,9360662730,DL-59-5073368,687,Bangalore,2022-02-27,4.5,2070,109,Offline
745,Advay Lad,Female,38,8469903267,DL-35-5813101,48,Delhi,2023-07-05,4.6,2814,258,Online
746,Dalaja Datta,Male,27,8285278997,DL-92-8738401,232,Bangalore,2025-06-13,4.7,217,10,Offline
747,Peter Tank,Female,51,8742004249,DL-70-5470231,662,Mumbai,2025-06-17,4.7,3246,257,Online
748,Maanas Kala,Female,28,7711668056,DL-60-3616457,157,Bangalore,2023-03-13,4.6,2721,2,Online
749,Girish Sehgal,Male,53,6574819734,DL-84-1289329,162,Surat,2022-07-17,4.9,1394,39,Online
750,Orinder Rao,Male,55,6887740717,DL-19-7514005,454,Delhi,2023-05-14,4.5,926,74,Online
751,Abha Kota,Female,24,7146581752,DL-57-1379386,319,Pune,2023-12-30,4.4,3791,293,Online
752,Manan Kar,Male,47,8206580949,DL-96-7080293,713,Surat,2024-09-04,4.5,1909,179,Online
753,Henry Subramanian,Female,26,7354194016,DL-25-9778851,12,Surat,2025-03-30,4.3,773,32,Online
754,Manbir Thakur,Male,42,9468444079,DL-39-2710638,667,Bangalore,2025-11-18,4.8,2066,43,Online
755,Bahadurjit Ben,Female,48,7361815891,DL-17-3564966,473,Bangalore,2023-06-28,4.5,2071,20,Online
756,Kala Sarma,Male,27,6102470134,DL-26-8394505,289,Surat,2025-11-16,4.8,1204,106,Online
757,Qadim Sodhi,Female,35,6605612465,DL-48-9848912,481,Ahmedabad,2022-12-31,4.5,474,45,Online
758,Jackson Saha,Female,30,8724899742,DL-87-6833934,160,Delhi,2022-06-18,4.6,2814,57,Online
759,Forum Sarkar,Male,36,8154277576,DL-56-2654649,94,Ahmedabad,2023-09-21,5.0,2444,134,Online
760,Yashvi Sachdev,Male,46,7455176331,DL-28-6519447,224,Delhi,2023-09-08,4.8,1421,82,Online
761,Zayyan Thaman,Female,55,6515458347,DL-53-7515653,298,Pune,2025-07-22,4.7,1673,96,Offline
762,Urmi Trivedi,Male,46,7194559783,DL-90-1623829,366,Mumbai,2025-01-19,4.2,4790,324,Offline
763,Sneha Krishnan,Female,49,8080250118,DL-95-9237603,455,Delhi,2021-06-13,4.6,618,12,Online
764,Ishaan Tandon,Male,39,8521513433,DL-64-7289073,590,Mumbai,2025-11-06,4.0,776,32,Online
765,Bhavna Sule,Female,49,9079385762,DL-26-3159074,773,Ahmedabad,2023-06-07,4.9,4808,44,Offline
766,Neel Bail,Male,47,6049291094,DL-12-8495231,2,Delhi,2025-12-21,4.9,1843,159,Offline
767,Gaurav Bobal,Female,27,8482562416,DL-47-3475072,172,Delhi,2024-01-03,4.2,3174,102,Online
768,Udyati Venkataraman,Male,22,9287174747,DL-60-8976920,762,Pune,2022-07-01,4.7,985,61,Online
769,Warinder Modi,Female,21,8996113452,DL-31-3975210,25,Mumbai,2025-02-16,4.5,3766,293,Online
770,Zayan Chandra,Female,29,6457507111,DL-17-4055111,183,Surat,2024-09-06,4.4,2791,259,Online
771,Lavanya Issac,Male,50,6356067744,DL-37-8736206,356,Mumbai,2023-08-15,4.8,3000,52,Online
772,Yatan Srinivas,Male,44,8679789372,DL-74-9191122,798,Bangalore,2025-08-26,5.0,3902,38,Online
773,Vedhika Patla,Female,54,9630493496,DL-23-1356039,37,Ahmedabad,2025-01-07,4.1,976,48,Offline
774,Samuel Bedi,Male,48,6955893758,DL-77-8215026,681,Mumbai,2022-10-08,4.5,3863,140,Online
775,Nisha Vasa,Female,33,7681849889,DL-56-5244839,458,Pune,2024-09-19,4.8,4351,295,Offline
776,Anusha Golla,Male,49,8349096534,DL-56-7564885,610,Delhi,2023-04-07,5.0,2710,169,Online
777,Max Ranganathan,Male,51,7233666788,DL-78-7128732,95,Bangalore,2023-12-23,4.8,2282,14,Online
778,Kalpit Khosla,Female,33,6755675823,DL-61-2826848,117,Mumbai,2023-01-03,4.9,3640,35,Online
779,Baljiwan Kant,Male,39,8760532060,DL-64-2990102,782,Bangalore,2024-06-05,4.9,3357,11,Online
780,Raghav Sinha,Male,50,6603065658,DL-50-5421559,37,Mumbai,2024-07-18,5.0,4238,6,Online
781,Oscar Agrawal,Male,47,9134525728,DL-28-3355347,531,Pune,2021-10-01,4.3,3064,27,Online
782,Vasana Dewan,Male,25,9119845139,DL-82-5358588,355,Mumbai,2023-07-19,4.4,3297,81,Online
783,Adweta Nanda,Male,52,9632509653,DL-46-5271371,48,Mumbai,2022-08-05,4.5,3342,74,Online
784,Nirja Chahal,Female,30,7571015730,DL-77-8808856,369,Surat,2021-12-21,4.4,4776,106,Online
785,Lekha Bassi,Male,29,9127741039,DL-44-6536914,232,Bangalore,2022-12-09,4.7,2159,48,Online
786,Balendra Doctor,Male,33,8799072367,DL-26-5498710,737,Pune,2023-12-20,4.9,2474,217,Offline
787,Wridesh Sani,Male,31,8636738415,DL-19-1428962,580,Bangalore,2022-07-30,4.5,3338,12,Offline
788,Chaitaly Pandit,Male,42,6671073301,DL-32-7354708,163,Surat,2023-07-01,4.5,3869,214,Offline
789,Mohini Minhas,Female,43,8566289980,DL-65-4863603,507,Mumbai,2026-01-10,4.2,1460,77,Online
790,Jagrati Basak,Female,46,8729720092,DL-58-8458908,675,Ahmedabad,2023-11-23,5.0,4791,336,Online
791,Rudra Dave,Male,21,8135947057,DL-20-5657934,706,Bangalore,2023-09-29,4.7,2434,133,Online
792,Shaurya Naidu,Male,24,9027692838,DL-60-4040766,498,Ahmedabad,2022-03-27,4.9,4059,35,Online
793,Triveni Shere,Male,45,9871934494,DL-38-6740750,14,Surat,2024-01-31,4.9,3267,169,Online
794,Sai Sur,Female,42,8386590436,DL-73-8839650,79,Bangalore,2026-03-05,4.6,2090,107,Online
795,Yash Seth,Female,31,9952057514,DL-50-9685883,544,Delhi,2022-06-02,4.8,2454,132,Online
796,Ronith Khurana,Female,54,8037036950,DL-22-6149159,312,Pune,2022-11-05,4.4,385,2,Online
797,Matthew Parsa,Male,34,8758908644,DL-16-5587317,15,Bangalore,2022-08-20,4.9,3775,129,Online
798,Madhavi Balakrishnan,Male,21,8842505430,DL-47-1704908,702,Ahmedabad,2024-02-19,4.9,4996,131,Offline
799,Simon Sane,Female,31,7861702140,DL-77-4059691,475,Pune,2022-02-26,4.5,2448,85,Online
800,Agastya Palan,Male,28,7795030006,DL-23-4426338,780,Pune,2026-01-29,4.6,1371,129,Online
801,Balhaar Aurora,Male,39,9898778852,DL-49-6590222,625,Mumbai,2022-07-21,4.3,1132,27,Online
802,Tejas Chakraborty,Male,21,9881037479,DL-26-3193885,347,Surat,2025-05-16,5.0,4823,212,Offline
803,Daniel Borah,Female,55,7731258169,DL-43-4566802,696,Bangalore,2022-04-25,4.7,3758,159,Online
804,Vasatika Lall,Male,36,9232833145,DL-77-1031038,368,Bangalore,2023-09-06,4.7,3933,24,Online
805,Damyanti Mander,Male,42,9243824383,DL-51-3424897,200,Bangalore,2024-09-30,4.8,1588,8,Online
806,Bimala Dewan,Male,44,8733912031,DL-73-3588733,30,Mumbai,2025-06-01,4.7,4245,387,Offline
807,Ekaja Borde,Male,55,6922933626,DL-95-5611818,61,Pune,2021-11-26,4.0,500,19,Online
808,Manan Pal,Male,39,6363646670,DL-56-3447878,518,Mumbai,2024-03-09,4.8,3519,90,Online
809,Anjali Radhakrishnan,Male,34,8398295042,DL-37-1909339,506,Delhi,2025-04-10,4.3,1121,93,Online
810,Darika Jhaveri,Female,28,8118421848,DL-59-8895385,7,Ahmedabad,2024-02-14,4.3,184,18,Online
811,Anika Thaman,Male,37,7131312983,DL-31-4615382,757,Delhi,2024-04-08,4.3,2208,143,Online
812,Noah Rastogi,Female,25,8369918513,DL-34-6878423,453,Ahmedabad,2024-05-15,5.0,1889,108,Offline
813,Qabil Nair,Male,49,8208791127,DL-45-5795186,750,Ahmedabad,2025-11-19,4.6,3891,6,Online
814,Yadavi Saran,Female,52,9638710556,DL-77-6229061,178,Delhi,2024-01-15,4.6,1324,92,Online
815,Vasana Comar,Female,27,6277121719,DL-46-2622897,104,Ahmedabad,2023-05-06,4.7,3456,243,Online
816,Wakeeta Warrior,Male,53,9458252625,DL-13-7237937,346,Ahmedabad,2022-09-30,4.7,719,58,Offline
817,Sneha Rajan,Male,35,6448644567,DL-22-2059547,277,Bangalore,2023-06-05,4.8,3874,361,Offline
818,Daniel Chatterjee,Female,35,8399871823,DL-68-2588717,104,Mumbai,2025-10-25,4.3,772,65,Online
819,Vivaan Mall,Female,34,7032055952,DL-51-9129345,111,Bangalore,2021-07-15,4.4,3254,213,Online
820,Riya Kanda,Male,30,7573927444,DL-80-2840128,17,Surat,2024-01-31,4.3,4502,192,Online
821,Sneha Pathak,Male,43,7384325357,DL-96-6830826,707,Ahmedabad,2025-06-08,4.8,3654,22,Online
822,Jagdish Thaman,Male,45,9193477787,DL-88-7416893,14,Mumbai,2026-01-28,4.2,4476,401,Offline
823,Ekani Deep,Female,41,7216171365,DL-28-3277506,444,Ahmedabad,2023-11-13,4.8,1689,133,Online
824,Indrajit Bajaj,Female,53,7163134825,DL-48-4734950,170,Surat,2022-12-19,4.8,3687,214,Online
825,Abhimanyu Parekh,Male,27,8569700857,DL-69-2236078,594,Surat,2024-03-05,4.4,340,28,Online
826,Udyati Choudhry,Male,51,6778699976,DL-39-2182777,118,Ahmedabad,2023-02-10,4.8,4128,289,Online
827,Mugdha Devan,Female,33,8667989393,DL-22-4112230,787,Pune,2026-03-24,4.0,130,8,Online
828,Deepa Divan,Female,40,8008092039,DL-92-8812472,590,Pune,2021-10-16,4.9,3826,82,Online
829,Jalsa Chaudhari,Female,49,9717923497,DL-81-4461569,530,Bangalore,2023-01-16,4.8,2303,101,Online
830,Jyoti Tak,Male,29,7997578161,DL-46-2332273,253,Ahmedabad,2021-05-02,4.6,1938,109,Offline
831,Yamini Thaman,Male,55,6917944306,DL-92-1348361,455,Surat,2024-05-18,4.5,1928,58,Online
832,Vincent Gole,Female,37,8726109597,DL-28-3328166,73,Delhi,2022-08-18,5.0,1663,159,Offline
833,Ishwar Kala,Male,49,7645736350,DL-26-3334082,224,Ahmedabad,2023-07-22,4.0,409,30,Online
834,Indali Mane,Male,50,9596909768,DL-47-4169694,417,Pune,2023-03-21,4.3,1752,82,Online
835,Jatin Garg,Female,42,7624011341,DL-81-8979579,457,Pune,2024-06-23,4.6,4270,334,Online
836,Balvan Sood,Female,52,7303625385,DL-72-5733716,280,Ahmedabad,2023-03-05,4.6,3921,29,Online
837,Ubika Jaggi,Male,44,9549507859,DL-76-3870468,457,Delhi,2025-12-01,4.8,283,11,Online
838,Faris Vyas,Male,49,7242820873,DL-71-5418254,322,Pune,2022-05-03,4.5,2771,23,Online
839,Vasana Deshmukh,Male,55,7107641424,DL-51-4752955,742,Ahmedabad,2023-06-12,3.6,138,1,Online
840,Kabir Hora,Male,32,6694087123,DL-22-2628825,399,Delhi,2022-01-16,4.7,2333,70,Offline
841,Logan Yogi,Male,22,8853788476,DL-27-8542758,399,Pune,2023-01-06,4.6,3944,364,Online
842,Vansha Parmar,Female,32,8452869007,DL-70-1681652,7,Mumbai,2022-01-24,4.8,955,34,Online
843,Hardik Pillai,Female,40,9351828529,DL-62-3617331,736,Delhi,2024-01-19,4.5,4999,42,Offline
844,Ekta Prabhakar,Female,31,6999233636,DL-61-4638587,180,Bangalore,2022-05-06,4.5,1076,29,Online
845,Jacob Parmer,Male,43,7411817186,DL-72-1540200,510,Ahmedabad,2022-06-19,4.5,3338,304,Online
846,Sanaya Vig,Male,39,7986257367,DL-16-5997986,231,Ahmedabad,2021-11-09,4.9,2659,100,Online
847,Alka Kalla,Female,45,9498574823,DL-68-1310257,177,Mumbai,2023-11-15,4.7,3004,90,Online
848,Dalbir Shere,Male,28,7814776373,DL-41-4674413,186,Delhi,2023-07-18,4.4,1436,2,Offline
849,Vinaya Rao,Male,46,6828511323,DL-85-9529740,504,Pune,2026-02-09,4.6,888,83,Offline
850,Henry Sarin,Female,31,9832312320,DL-42-5219344,329,Surat,2025-06-20,4.7,1193,28,Offline
851,Sachi Ratti,Female,49,8896539441,DL-20-7263418,513,Delhi,2022-11-24,5.0,1988,195,Online
852,Ekansh Munshi,Male,40,8385671096,DL-29-9926219,572,Pune,2025-08-28,4.7,4417,77,Online
853,Girik Apte,Male,52,6397097063,DL-73-4345655,89,Ahmedabad,2025-12-31,4.3,948,25,Offline
854,Jairaj Barman,Male,44,8597924619,DL-89-9835643,122,Delhi,2025-01-23,4.4,2768,60,Online
855,Saanvi Varghese,Male,45,9193583374,DL-86-3342435,106,Delhi,2024-04-14,4.8,2889,134,Offline
856,Aishani Banik,Male,35,8337753038,DL-52-5072843,543,Surat,2023-10-01,4.3,1764,158,Offline
857,Yadavi Mohanty,Male,23,9949264944,DL-13-2917905,223,Ahmedabad,2021-12-13,4.5,856,13,Online
858,Tanveer Ratta,Female,48,8983310831,DL-79-1563764,651,Surat,2023-04-09,4.1,435,32,Online
859,Ethan Luthra,Male,34,8954734903,DL-18-4498152,402,Bangalore,2023-01-14,4.2,351,19,Offline
860,Wahab Pingle,Male,34,9306251394,DL-80-3425801,232,Bangalore,2025-03-11,4.2,843,62,Online
861,Imaran Dada,Female,29,6760773151,DL-28-9695533,374,Mumbai,2026-02-05,4.5,3713,126,Online
862,Aarini Deep,Male,35,9558062994,DL-97-3414776,109,Pune,2022-09-30,4.2,954,42,Offline
863,Osha Sarraf,Female,34,6469727198,DL-40-3120671,684,Ahmedabad,2023-06-01,4.9,1668,100,Offline
864,Daksha Palla,Male,23,7223416594,DL-91-9034112,752,Mumbai,2022-10-19,5.0,3960,30,Offline
865,Shaurya Nagarajan,Female,29,6408305342,DL-55-8310423,136,Bangalore,2023-09-17,4.7,4375,115,Online
866,Gavin Gade,Male,26,8854949667,DL-19-3460240,659,Bangalore,2022-08-09,4.5,2363,131,Online
867,Theodore Sekhon,Female,50,9048881180,DL-49-2970325,97,Ahmedabad,2022-03-07,4.5,4941,75,Offline
868,Jasmit Natt,Female,46,8152543726,DL-59-7656194,608,Pune,2022-09-10,4.3,4929,255,Online
869,Ishwar Kunda,Female,24,6983652577,DL-57-8963732,375,Bangalore,2024-03-13,4.5,2018,24,Online
870,Arin Sem,Female,37,9586243491,DL-10-9566750,576,Ahmedabad,2021-05-19,4.7,4355,389,Online
871,Samaksh Bal,Male,27,9225084981,DL-77-8608416,654,Ahmedabad,2021-09-23,4.2,3875,345,Online
872,Lavanya Balan,Female,45,6441637936,DL-70-7930302,31,Bangalore,2024-04-02,4.6,2978,171,Online
873,Ekalinga Sagar,Male,40,6588005381,DL-32-5462217,103,Mumbai,2022-06-25,4.2,1763,47,Online
874,Deepa Varghese,Male,30,6508310544,DL-19-2954930,202,Surat,2024-02-07,4.4,83,2,Online
875,Nisha Halder,Male,51,7602121221,DL-61-4204072,493,Ahmedabad,2026-01-24,4.8,970,68,Online
876,Omkaar Goswami,Female,50,9951993617,DL-39-2141991,679,Mumbai,2025-11-01,4.5,4119,69,Offline
877,Oliver Majumdar,Female,37,7083493042,DL-13-5227748,540,Delhi,2022-06-07,4.4,4687,63,Offline
878,Mekhala Chowdhury,Female,38,8042265927,DL-51-8550327,557,Bangalore,2022-06-08,4.9,2955,1,Online
879,Chandani De,Male,52,6422379526,DL-32-1279697,205,Ahmedabad,2022-06-11,4.5,1869,147,Offline
880,Faras Warrior,Female,41,7597319981,DL-79-3197739,8,Pune,2023-08-03,4.3,2791,192,Offline
881,Odika Chaudhry,Female,49,6588783521,DL-58-6696841,143,Delhi,2024-01-27,4.3,1188,97,Offline
882,Ekapad Raghavan,Female,30,7452454588,DL-84-4198699,278,Surat,2025-11-22,4.9,2444,123,Offline
883,Balhaar Biswas,Male,30,7675941703,DL-36-9508230,252,Delhi,2023-04-22,4.8,2328,205,Online
884,Triveni Sur,Female,52,6564689482,DL-89-1379898,604,Pune,2022-11-25,4.9,1426,130,Offline
885,Hamsini Kohli,Female,38,8064759930,DL-18-4305730,233,Mumbai,2023-06-01,4.5,4373,139,Offline
886,Jackson Vasa,Male,47,6968203645,DL-67-8798203,798,Mumbai,2021-07-30,4.4,3949,134,Online
887,Aadhya Mannan,Female,35,8245456908,DL-14-1388341,644,Ahmedabad,2023-07-28,4.7,1408,133,Offline
888,Yochana Naik,Female,41,7799899842,DL-31-4816817,207,Ahmedabad,2023-10-27,4.7,2161,177,Offline
889,Isaac Kothari,Male,33,6023513056,DL-93-7450467,150,Delhi,2024-11-17,4.4,608,16,Online
890,Falguni Khosla,Female,25,7266674181,DL-39-9341461,742,Bangalore,2023-10-12,4.9,2079,5,Offline
891,Pranav Shroff,Male,35,8275753543,DL-39-5261583,238,Pune,2023-05-17,4.6,3094,10,Offline
892,Wridesh Chanda,Female,53,8936592723,DL-41-2679394,444,Surat,2022-02-15,4.8,1275,55,Online
893,Indira Kannan,Female,48,6109645722,DL-58-4666050,454,Mumbai,2021-12-25,4.7,2473,170,Online
894,Dipta Uppal,Female,41,6996990450,DL-62-4931339,452,Mumbai,2024-05-19,4.8,1742,102,Online
895,Ekansh Parikh,Male,52,6557246385,DL-52-3750927,319,Surat,2023-04-24,4.6,1850,117,Offline
896,Maya Jhaveri,Female,41,6686062859,DL-14-2627583,32,Surat,2025-09-02,4.9,2353,65,Online
897,Bhavani Dada,Male,32,7869459409,DL-16-9941345,577,Mumbai,2025-08-23,4.6,1010,30,Online
898,Chaitaly Ramesh,Male,53,6518647345,DL-54-9229085,200,Bangalore,2025-11-29,4.4,705,42,Online
899,Bahadurjit Raghavan,Male,42,6468608652,DL-39-2968769,1,Mumbai,2024-03-16,4.3,3586,232,Online
900,Yatan Menon,Male,51,9930452957,DL-11-1354879,358,Mumbai,2025-03-17,4.5,333,13,Offline
901,Ikbal Palla,Male,45,8189840391,DL-80-7857046,272,Bangalore,2025-02-18,4.4,3149,173,Online
902,Rachita Arya,Female,41,6736854911,DL-11-3647290,151,Pune,2022-01-12,5.0,1929,192,Offline
903,Ronith Kale,Female,37,7152494679,DL-77-9101459,68,Bangalore,2022-08-06,4.3,1667,142,Online
904,Ansh Wason,Female,51,6098672340,DL-55-4540517,376,Mumbai,2023-11-25,4.9,4502,419,Online
905,Chandani Sampath,Male,39,6835534783,DL-14-4448590,290,Mumbai,2022-10-21,4.9,3274,1,Offline
906,Forum Saraf,Female,29,7562946023,DL-48-6862464,602,Mumbai,2021-08-26,5.0,3784,32,Online
907,Chandani Kari,Male,33,9978704614,DL-51-2311849,798,Delhi,2021-11-09,4.4,3431,287,Offline
908,Irya Mitra,Female,50,9548590648,DL-18-6382550,512,Ahmedabad,2022-01-13,4.9,4805,122,Offline
909,Gaurav Nadkarni,Female,25,6395260831,DL-50-5170873,485,Ahmedabad,2025-03-25,4.9,1482,99,Offline
910,Anvi Bose,Female,43,6139940233,DL-88-9812303,157,Delhi,2025-12-29,4.5,1719,106,Online
911,Balvan Bhargava,Male,22,6458187400,DL-19-9842589,558,Delhi,2025-03-02,4.8,2898,176,Online
912,Mekhala Banik,Male,29,6643672099,DL-24-4542901,514,Surat,2024-10-23,4.8,4397,226,Online
913,Gaurangi Narula,Male,49,8208156804,DL-20-8942682,703,Ahmedabad,2023-07-11,4.9,4039,226,Online
914,Chatresh Babu,Female,46,9989979467,DL-15-6825905,679,Ahmedabad,2025-01-08,4.3,169,5,Offline
915,Praneel Zacharia,Female,39,8961355859,DL-19-3822244,222,Mumbai,2021-06-22,4.6,1346,84,Online
916,Lila Setty,Female,52,9118464045,DL-78-9175398,219,Ahmedabad,2025-09-21,4.4,1861,176,Offline
917,Oliver Goda,Female,52,8693289746,DL-14-4611277,187,Delhi,2023-01-23,4.5,1765,112,Online
918,Onkar Joshi,Female,21,6393480232,DL-69-6363236,92,Pune,2026-03-20,4.5,3312,123,Offline
919,Dalbir Jha,Female,24,7946799415,DL-73-8946404,580,Delhi,2021-07-16,4.4,2785,4,Online
920,Yachana Vig,Male,43,8216808866,DL-65-1685529,14,Ahmedabad,2023-07-04,5.0,3001,185,Online
921,Sai Sarraf,Female,23,8066503533,DL-75-1849830,423,Delhi,2024-06-10,4.7,3389,300,Offline
922,Pushti Nagi,Male,46,8389670775,DL-37-9276696,678,Pune,2021-06-09,4.6,4937,300,Online
923,Anay Choudhury,Female,38,7862189553,DL-57-4288662,645,Pune,2023-01-12,4.4,4410,155,Online
924,Harrison Prabhakar,Male,49,8020020992,DL-62-1751758,290,Bangalore,2023-06-28,4.7,2127,62,Online
925,Sai Bala,Male,23,8501187810,DL-38-7280773,473,Ahmedabad,2023-07-18,4.4,2433,217,Online
926,Neha Sinha,Female,45,9410741130,DL-58-3480068,295,Bangalore,2024-07-02,4.4,596,3,Offline
927,Yoshita Dora,Male,33,9897141595,DL-62-1393585,484,Mumbai,2026-02-27,4.4,3830,144,Online
928,Victor Mutti,Female,34,9822542269,DL-54-8414202,765,Ahmedabad,2023-02-19,4.8,901,90,Online
929,Yashoda Rao,Male,39,7655332512,DL-63-1185858,99,Surat,2022-12-27,4.8,4502,82,Offline
930,Bhavini Bhakta,Female,46,6260438363,DL-21-3444182,614,Pune,2025-08-01,4.4,156,13,Online
931,Lavanya Sharaf,Female,23,7663091042,DL-60-3504489,707,Bangalore,2026-03-06,4.2,3706,312,Online
932,Aadi Acharya,Male,33,9638427095,DL-51-5551409,277,Pune,2022-10-02,4.7,850,62,Online
933,Fiyaz Nadig,Male,39,8707580898,DL-27-3940980,268,Mumbai,2023-03-09,4.4,307,11,Online
934,Prisha Manne,Female,22,9612090753,DL-31-8392469,617,Mumbai,2024-06-17,4.9,3741,11,Online
935,Ucchal Ramaswamy,Female,25,8944843839,DL-90-8285325,729,Ahmedabad,2024-05-25,4.7,2631,219,Online
936,Chaaya Agarwal,Male,42,7380545281,DL-57-1876811,144,Delhi,2023-01-22,4.6,525,0,Offline
937,Hamsini Kanda,Female,51,8308936605,DL-40-9042823,228,Pune,2023-05-10,4.7,243,24,Online
938,Nathaniel Tak,Male,30,6938516519,DL-72-4982072,605,Mumbai,2021-08-14,5.0,3119,300,Online
939,Aarav Kapur,Male,26,6211143436,DL-69-1666796,283,Bangalore,2024-05-11,4.8,4423,89,Online
940,Eshana Dayal,Female,51,6123090291,DL-68-2732998,510,Delhi,2023-08-30,4.5,1610,125,Offline
941,Oni Bedi,Female,47,6524605660,DL-78-3301211,474,Pune,2024-03-01,4.6,2628,92,Offline
942,Falguni Bal,Male,43,9922013786,DL-96-2652424,620,Mumbai,2023-12-21,4.2,2154,38,Offline
943,Kevin Mukhopadhyay,Male,22,9627310566,DL-95-9334857,585,Ahmedabad,2024-03-07,4.8,1558,133,Online
944,Nilima Konda,Male,46,9474166343,DL-62-8726115,504,Mumbai,2023-04-14,4.8,3736,341,Offline
945,Ekiya Sarraf,Female,49,8859370639,DL-46-5241414,373,Bangalore,2023-05-25,4.9,2188,77,Online
946,Sachi Barad,Male,34,6235811704,DL-24-7211007,762,Delhi,2024-01-22,4.4,1985,98,Offline
947,Mahika Karpe,Female,43,9873379965,DL-70-1479299,106,Pune,2023-04-04,4.3,1132,73,Online
948,Hemani Mall,Male,21,8248591959,DL-43-5809321,758,Ahmedabad,2024-11-21,4.3,4339,295,Offline
949,Siya Dar,Male,23,7529259561,DL-56-4959614,412,Pune,2021-04-11,4.7,3431,118,Online
950,Victor Gupta,Male,36,8227558353,DL-81-2903926,172,Bangalore,2024-02-29,4.3,872,38,Online
951,Zilmil Manne,Female,34,9084716214,DL-53-1444022,653,Mumbai,2021-05-05,4.8,2768,1,Online
952,Chakradhar Saha,Male,34,9917881691,DL-77-4255181,515,Pune,2021-07-18,4.8,3610,321,Online
953,Triveni Subramanian,Female,28,8675099818,DL-19-5823835,500,Ahmedabad,2024-02-05,4.6,3559,183,Online
954,Siddharth Saha,Male,39,6880422551,DL-57-3379477,161,Mumbai,2025-04-07,4.7,3898,365,Online
955,Noah Gera,Male,43,7681684745,DL-65-2206856,697,Delhi,2022-11-20,4.9,3078,70,Offline
956,Champak Pillay,Female,34,8267178115,DL-28-4544146,395,Surat,2023-12-01,4.4,1533,44,Offline
957,Radha Jhaveri,Male,23,6891622592,DL-57-5782486,255,Pune,2022-12-08,4.3,4581,227,Online
958,Daniel Dhillon,Male,40,9977448587,DL-10-5105611,180,Bangalore,2023-08-13,4.7,3258,225,Online
959,Pratyush Sodhi,Male,28,9572121498,DL-81-8312962,42,Surat,2021-05-25,4.6,4208,146,Online
960,Caleb Viswanathan,Male,38,7819220648,DL-74-8369380,123,Surat,2021-10-03,4.7,2300,26,Online
961,Aarav Nadig,Male,25,9978583996,DL-98-3249458,145,Ahmedabad,2024-10-05,4.2,4076,163,Online
962,Pooja Kothari,Female,39,6998669782,DL-79-7833113,225,Pune,2026-03-07,4.7,4850,78,Online
963,Lavanya Kannan,Female,21,8857798976,DL-35-2189213,32,Mumbai,2026-03-24,4.7,4246,344,Online
964,Ijaya Dara,Female,44,6095259263,DL-47-4062830,207,Surat,2022-02-05,4.8,4685,54,Offline
965,Omkaar Bhatt,Female,50,6040295995,DL-85-8490779,404,Mumbai,2023-03-26,4.9,2508,183,Online
966,Imaran Saraf,Female,29,6861044945,DL-36-8620702,155,Ahmedabad,2022-03-20,4.5,3918,244,Online
967,Turvi Sharaf,Female,23,7205287357,DL-97-3958982,397,Surat,2025-05-01,5.0,4471,20,Offline
968,Vihaan Pandya,Female,31,6643648510,DL-15-7878169,36,Mumbai,2022-08-05,4.9,2044,128,Online
969,Ira Master,Female,48,8184312882,DL-28-4955319,704,Pune,2024-12-24,4.3,572,49,Online
970,Vasana Natt,Female,47,7374470549,DL-96-2164516,328,Mumbai,2021-09-10,4.4,1434,13,Online
971,Anay Kunda,Female,25,9056195343,DL-90-4292442,356,Pune,2024-04-27,4.6,2820,226,Online
972,Chandani Ravi,Female,24,9494601070,DL-90-8074379,600,Mumbai,2024-11-06,4.3,4736,23,Online
973,Yatan Sankaran,Male,53,9521476471,DL-15-5671051,409,Pune,2025-01-09,4.5,4728,66,Online
974,Chatura Narain,Male,48,8505934091,DL-91-3072752,572,Delhi,2024-02-20,4.7,1292,62,Online
975,Warinder Dalal,Female,35,8983931382,DL-50-2907576,614,Bangalore,2022-01-09,4.7,1686,93,Online
976,Prisha Keer,Male,55,9060234714,DL-96-1756637,521,Ahmedabad,2022-03-07,4.2,997,73,Offline
977,Meera Mutti,Male,30,7761070268,DL-59-6504377,228,Surat,2022-09-11,4.6,1881,46,Online
978,Kamya Wadhwa,Male,42,7718991984,DL-83-8462000,383,Delhi,2022-03-30,4.8,3302,4,Online
979,Brinda Keer,Male,23,8443702896,DL-56-4921063,115,Surat,2022-05-20,4.9,4977,313,Offline
980,Irya Sur,Male,34,7680844145,DL-56-3540171,798,Surat,2025-03-07,4.6,513,38,Online
981,Hemal Sandhu,Male,24,9276686310,DL-56-3378011,445,Delhi,2021-10-21,4.6,913,31,Offline
982,Shivani Warrior,Male,23,9478908600,DL-37-4946634,22,Pune,2022-08-22,4.7,3249,226,Online
983,Balvan Dayal,Female,43,6280061059,DL-35-1968544,240,Pune,2022-08-18,4.3,1232,95,Offline
984,Aryan Gandhi,Male,43,9881509409,DL-71-8246800,8,Bangalore,2024-06-20,4.6,3675,111,Online
985,Jacob Sarna,Male,27,7868771430,DL-79-3379220,762,Ahmedabad,2023-03-19,4.5,2594,62,Online
986,Harsh Dhillon,Female,41,9666639972,DL-76-7182835,761,Ahmedabad,2024-07-29,4.6,2011,59,Online
987,Vihaan Mann,Female,21,7874151152,DL-44-1611910,170,Ahmedabad,2025-11-06,4.7,3008,108,Online
988,Nidra Dhawan,Male,47,7279541472,DL-46-4716112,298,Bangalore,2023-09-12,4.3,2158,34,Online
989,Jagrati Mahal,Male,48,9748041511,DL-91-3448904,273,Ahmedabad,2026-03-30,4.3,268,18,Online
990,Siddharth Chaudhuri,Male,50,9496572243,DL-56-4543180,328,Pune,2022-12-03,4.7,208,13,Offline
991,Yashodhara Sahota,Male,43,8781269354,DL-19-3057066,324,Delhi,2022-07-10,4.8,2527,91,Online
992,Vidhi Dass,Female,30,7522958033,DL-98-3593600,66,Surat,2023-06-05,4.1,871,38,Online
993,Qabil Lata,Male,28,6991377241,DL-34-3246488,394,Ahmedabad,2025-09-23,4.7,2042,89,Online
994,Christopher Bains,Male,54,6909291284,DL-62-2829588,200,Bangalore,2024-03-06,4.9,4159,4,Offline
995,Aarav Comar,Male,29,9106716457,DL-28-1200008,441,Ahmedabad,2025-04-23,4.3,3736,154,Online
996,Niharika Mander,Female,53,7337837186,DL-21-7408730,563,Delhi,2022-05-24,4.7,3682,208,Online
997,Ekantika Pant,Female,32,8520850417,DL-66-4559297,360,Surat,2023-08-24,4.5,2872,110,Offline
998,Urvi Kalla,Female,24,7619109593,DL-79-8445150,570,Ahmedabad,2022-05-31,4.7,1213,42,Online
999,Veer Gopal,Female,42,8102233439,DL-59-6514513,308,Surat,2024-03-17,4.7,3922,199,Online
1000,Bhavna Oommen,Female,47,7992344390,DL-24-4470840,295,Surat,2022-12-24,4.1,60,0,Online
