payment_id,auction_id,buyer_id,seller_id,payment_amount,payment_method,payment_status,payment_date
PAY00001,AUC00001,USER01392,USER00891,4921.0,card,completed,2024-04-29 06:53:00
PAY00005,AUC00005,USER02931,USER02217,32937.0,card,completed,2024-08-20 12:51:00
PAY00006,AUC00006,USER00424,USER01661,13528.0,wallet,completed,2023-03-20 12:22:00
PAY00007,AUC00007,USER02285,USER00756,0,wallet,failed,2025-11-05 17:17:00
PAY00008,AUC00008,USER02166,USER02450,64146.0,UPI,pending,2025-05-22 15:52:00
PAY00009,AUC00009,USER00648,USER00563,4848.0,UPI,completed,2024-07-13 11:47:00
PAY00010,AUC00010,USER00968,USER01869,6584.0,wallet,completed,2025-11-14 10:36:00
PAY00011,AUC00011,USER01581,USER01664,90816.0,UPI,completed,2022-01-05 00:01:00
PAY00012,AUC00012,USER00432,USER00153,59751.0,UPI,completed,2023-08-13 23:48:00
PAY00014,AUC00014,USER01441,USER00699,40802.0,wallet,completed,2024-12-04 19:58:00
PAY00016,AUC00016,USER01913,USER02769,93193.0,UPI,completed,2023-07-20 01:02:00
PAY00017,AUC00017,USER02540,USER02089,79870.0,wallet,completed,2025-03-03 20:47:00
PAY00024,AUC00024,USER00184,USER01552,63702.0,card,pending,2024-08-26 12:00:00
PAY00025,AUC00025,USER02739,USER00891,40539.0,card,completed,2025-07-18 13:42:00
PAY00031,AUC00031,USER01674,USER02796,0,UPI,failed,2023-09-28 20:57:00
PAY00033,AUC00033,USER02552,USER01754,94418.0,wallet,completed,2024-09-04 19:53:00
PAY00034,AUC00034,USER00621,USER00485,30392.0,UPI,completed,2024-08-31 10:24:00
PAY00035,AUC00035,USER00269,USER01488,44743.0,card,completed,2024-12-23 10:34:00
PAY00036,AUC00036,USER00588,USER00023,77944.0,UPI,completed,2023-12-28 14:25:00
PAY00037,AUC00037,USER00310,USER01204,89314.0,wallet,completed,2024-01-19 15:19:00
PAY00040,AUC00040,USER01200,USER01006,57480.0,wallet,completed,2024-12-03 03:42:00
PAY00042,AUC00042,USER01601,USER00752,97663.0,card,completed,2025-07-23 08:34:00
PAY00044,AUC00044,USER01119,USER01921,0,card,failed,2025-09-01 05:34:00
PAY00049,AUC00049,USER00415,USER02468,0,card,failed,2024-01-30 16:14:00
PAY00050,AUC00050,USER00285,USER00188,57645.0,UPI,completed,2023-04-05 21:07:00
PAY00051,AUC00051,USER02734,USER03000,24054.0,card,completed,2025-01-07 16:04:00
PAY00053,AUC00053,USER01766,USER00288,49794.0,wallet,completed,2024-03-10 18:06:00
PAY00055,AUC00055,USER02802,USER00036,41984.0,wallet,completed,2024-06-29 19:51:00
PAY00056,AUC00056,USER00403,USER00015,0,card,failed,2025-12-06 13:26:00
PAY00059,AUC00059,USER01885,USER02610,2728.0,wallet,completed,2024-11-19 18:24:00
PAY00060,AUC00060,USER02595,USER00913,50033.0,UPI,completed,2024-07-11 13:12:00
PAY00061,AUC00061,USER01511,USER01851,96122.0,wallet,completed,2024-08-25 21:43:00
PAY00062,AUC00062,USER01638,USER00081,0,wallet,failed,2024-04-17 11:28:00
PAY00067,AUC00067,USER01065,USER01509,0,UPI,failed,2022-09-25 09:32:00
PAY00069,AUC00069,USER01076,USER00370,11467.0,wallet,pending,2023-12-07 10:43:00
PAY00071,AUC00071,USER02153,USER01754,22930.0,UPI,completed,2022-09-25 15:08:00
PAY00073,AUC00073,USER00220,USER01893,85890.0,card,completed,2024-09-17 02:07:00
PAY00074,AUC00074,USER00791,USER00598,0,UPI,failed,2024-09-09 18:17:00
PAY00075,AUC00075,USER02893,USER02420,7952.0,UPI,completed,2023-09-25 06:43:00
PAY00076,AUC00076,USER00894,USER02498,49157.0,wallet,completed,2023-06-30 23:16:00
PAY00080,AUC00080,USER00402,USER02142,77143.0,card,completed,2025-01-08 20:54:00
PAY00082,AUC00082,USER00211,USER00842,21356.0,UPI,completed,2023-07-28 10:27:00
PAY00083,AUC00083,USER01763,USER00253,3622.0,card,completed,2023-07-13 05:04:00
PAY00084,AUC00084,USER01858,USER02788,0,card,failed,2022-06-09 16:37:00
PAY00085,AUC00085,USER01477,USER00563,51623.0,card,completed,2022-03-06 21:50:00
PAY00087,AUC00087,USER00063,USER02026,10482.0,UPI,pending,2022-09-08 07:57:00
PAY00088,AUC00088,USER01351,USER00011,0,wallet,failed,2023-06-13 04:18:00
PAY00089,AUC00089,USER00981,USER02000,65570.0,card,completed,2025-10-15 14:41:00
PAY00090,AUC00090,USER00637,USER02687,83580.0,UPI,completed,2025-07-30 18:29:00
PAY00091,AUC00091,USER00299,USER01920,42738.0,UPI,completed,2025-03-30 20:35:00
PAY00092,AUC00092,USER01526,USER00936,15819.0,UPI,completed,2022-02-18 00:45:00
PAY00093,AUC00093,USER01031,USER02486,0,card,failed,2025-03-10 16:57:00
PAY00094,AUC00094,USER01124,USER02437,0,wallet,failed,2023-03-17 13:22:00
PAY00095,AUC00095,USER01928,USER02773,0,wallet,failed,2024-04-16 21:54:00
PAY00096,AUC00096,USER02335,USER01642,69029.0,UPI,pending,2023-05-22 07:23:00
PAY00098,AUC00098,USER01194,USER01141,47592.0,UPI,completed,2023-05-09 16:21:00
PAY00099,AUC00099,USER00938,USER01007,96144.0,card,completed,2023-01-17 16:57:00
PAY00100,AUC00100,USER01700,USER01699,33846.0,wallet,completed,2025-09-29 09:25:00
PAY00101,AUC00101,USER01739,USER01616,55795.0,card,completed,2025-01-31 12:41:00
PAY00102,AUC00102,USER02652,USER00998,2032.0,UPI,completed,2024-09-19 14:27:00
PAY00103,AUC00103,USER01489,USER02718,73170.0,card,completed,2023-11-20 00:17:00
PAY00106,AUC00106,USER02591,USER02040,6544.0,UPI,pending,2024-01-19 03:48:00
PAY00109,AUC00109,USER02950,USER02184,0,UPI,failed,2022-05-09 07:25:00
PAY00112,AUC00112,USER02083,USER00850,65654.0,wallet,completed,2022-03-24 22:39:00
PAY00114,AUC00114,USER02161,USER00241,19139.0,card,pending,2023-03-28 05:41:00
PAY00122,AUC00122,USER02404,USER00068,0,wallet,failed,2025-11-21 15:22:00
PAY00123,AUC00123,USER02662,USER02753,12284.0,card,completed,2024-09-03 17:52:00
PAY00124,AUC00124,USER02633,USER01988,49127.0,card,completed,2025-11-24 05:14:00
PAY00125,AUC00125,USER02913,USER02010,48822.0,wallet,completed,2025-05-16 07:03:00
PAY00128,AUC00128,USER01546,USER00861,78193.0,UPI,completed,2025-12-07 12:44:00
PAY00130,AUC00130,USER02332,USER00335,74354.0,wallet,completed,2024-03-19 15:43:00
PAY00131,AUC00131,USER01192,USER00541,89802.0,wallet,completed,2024-02-04 15:28:00
PAY00132,AUC00132,USER00568,USER01925,68813.0,card,completed,2023-12-26 19:44:00
PAY00133,AUC00133,USER01771,USER02508,55875.0,UPI,completed,2024-01-23 11:42:00
PAY00134,AUC00134,USER01689,USER00326,0,UPI,failed,2024-02-02 16:51:00
PAY00135,AUC00135,USER00443,USER02498,76536.0,UPI,completed,2024-07-24 21:15:00
PAY00136,AUC00136,USER02257,USER01098,48381.0,wallet,completed,2024-10-09 15:36:00
PAY00137,AUC00137,USER02695,USER00360,0,wallet,failed,2025-12-10 15:39:00
PAY00139,AUC00139,USER02832,USER00711,71190.0,UPI,completed,2023-02-21 02:48:00
PAY00143,AUC00143,USER00352,USER02128,73654.0,UPI,completed,2022-03-30 04:52:00
PAY00145,AUC00145,USER01261,USER00161,58307.0,UPI,completed,2022-08-20 03:13:00
PAY00146,AUC00146,USER02681,USER00089,14572.0,UPI,completed,2025-01-02 07:49:00
PAY00147,AUC00147,USER02564,USER01046,56623.0,UPI,pending,2022-06-07 04:07:00
PAY00148,AUC00148,USER02672,USER01567,21285.0,wallet,completed,2022-06-01 07:44:00
PAY00149,AUC00149,USER02240,USER02267,41513.0,wallet,completed,2024-03-23 20:07:00
PAY00150,AUC00150,USER02399,USER00970,86496.0,UPI,completed,2025-05-06 00:08:00
PAY00153,AUC00153,USER01207,USER00801,20685.0,wallet,completed,2025-08-02 16:04:00
PAY00154,AUC00154,USER00895,USER00172,88679.0,wallet,completed,2024-04-14 20:16:00
PAY00157,AUC00157,USER00995,USER00095,76438.0,UPI,pending,2024-08-29 19:36:00
PAY00158,AUC00158,USER01510,USER01976,60526.0,UPI,completed,2024-08-04 11:25:00
PAY00161,AUC00161,USER00778,USER01322,20576.0,card,completed,2024-03-09 10:57:00
PAY00162,AUC00162,USER01800,USER01547,75620.0,card,completed,2023-01-08 20:42:00
PAY00163,AUC00163,USER00282,USER00944,23609.0,card,completed,2023-06-04 13:45:00
PAY00164,AUC00164,USER02616,USER01496,17914.0,UPI,completed,2023-10-03 20:42:00
PAY00166,AUC00166,USER02984,USER00084,98387.0,UPI,completed,2022-08-04 13:15:00
PAY00167,AUC00167,USER02799,USER00692,47627.0,UPI,completed,2022-09-29 12:43:00
PAY00169,AUC00169,USER02654,USER02612,8929.0,card,completed,2023-05-18 19:36:00
PAY00171,AUC00171,USER00110,USER01371,44327.0,UPI,pending,2023-01-25 22:03:00
PAY00173,AUC00173,USER02177,USER01899,54190.0,card,completed,2025-02-18 18:44:00
PAY00174,AUC00174,USER02392,USER01256,72492.0,card,completed,2023-11-23 00:36:00
PAY00176,AUC00176,USER02005,USER01824,62753.0,card,completed,2024-01-30 05:30:00
PAY00177,AUC00177,USER01546,USER01768,13707.0,wallet,completed,2022-09-14 06:14:00
PAY00181,AUC00181,USER00322,USER00760,82855.0,UPI,completed,2025-04-02 04:07:00
PAY00183,AUC00183,USER01300,USER02987,89811.0,UPI,pending,2024-07-24 11:10:00
PAY00186,AUC00186,USER00009,USER00279,88295.0,UPI,pending,2024-10-25 08:42:00
PAY00187,AUC00187,USER02373,USER02375,20088.0,card,completed,2023-09-19 18:12:00
PAY00190,AUC00190,USER01806,USER01932,72545.0,card,completed,2024-10-13 07:32:00
PAY00191,AUC00191,USER02602,USER01899,0,UPI,failed,2023-10-22 14:44:00
PAY00192,AUC00192,USER02321,USER02307,2667.0,UPI,completed,2024-09-04 09:47:00
PAY00193,AUC00193,USER00172,USER02453,0,wallet,failed,2024-01-28 11:47:00
PAY00194,AUC00194,USER01758,USER02338,21016.0,UPI,completed,2022-11-18 09:44:00
PAY00195,AUC00195,USER02147,USER00109,34744.0,wallet,completed,2024-06-07 03:12:00
PAY00196,AUC00196,USER00035,USER00167,0,card,failed,2024-03-03 07:15:00
PAY00197,AUC00197,USER01127,USER00540,0,UPI,failed,2025-12-13 11:58:00
PAY00198,AUC00198,USER02996,USER00084,81388.0,wallet,completed,2022-08-08 08:18:00
PAY00200,AUC00200,USER02957,USER01110,0,card,failed,2024-09-26 20:27:00
PAY00201,AUC00201,USER01930,USER01878,0,UPI,failed,2024-04-22 20:34:00
PAY00202,AUC00202,USER01350,USER01590,99652.0,wallet,completed,2024-05-27 19:13:00
PAY00206,AUC00206,USER02334,USER00740,18466.0,UPI,pending,2022-12-07 16:45:00
PAY00208,AUC00208,USER00335,USER01444,43908.0,UPI,pending,2022-08-04 06:46:00
PAY00210,AUC00210,USER02843,USER02894,0,UPI,failed,2023-09-04 20:15:00
PAY00213,AUC00213,USER01065,USER00749,26530.0,UPI,pending,2025-04-25 00:39:00
PAY00217,AUC00217,USER01243,USER00563,79069.0,UPI,completed,2023-07-08 02:34:00
PAY00222,AUC00222,USER00949,USER02113,73613.0,UPI,completed,2024-05-18 07:10:00
PAY00224,AUC00224,USER00592,USER00981,77307.0,UPI,completed,2022-01-11 07:45:00
PAY00225,AUC00225,USER00545,USER00191,55542.0,card,completed,2023-03-04 17:01:00
PAY00229,AUC00229,USER00330,USER02815,47681.0,card,completed,2024-01-03 08:28:00
PAY00230,AUC00230,USER02123,USER01930,0,wallet,failed,2024-07-21 05:03:00
PAY00231,AUC00231,USER00593,USER02110,41836.0,wallet,completed,2023-04-28 23:45:00
PAY00232,AUC00232,USER01543,USER00913,26428.0,card,completed,2024-12-01 06:10:00
PAY00234,AUC00234,USER01349,USER02329,0,UPI,failed,2023-05-20 09:06:00
PAY00236,AUC00236,USER02217,USER02721,99900.0,UPI,completed,2025-08-12 10:22:00
PAY00237,AUC00237,USER01590,USER00011,94443.0,card,completed,2024-06-16 11:10:00
PAY00238,AUC00238,USER00737,USER01176,95986.0,UPI,completed,2022-12-28 18:09:00
PAY00240,AUC00240,USER00901,USER00009,3562.0,wallet,completed,2024-02-15 04:19:00
PAY00241,AUC00241,USER00489,USER01999,24379.0,card,completed,2023-03-22 06:45:00
PAY00246,AUC00246,USER01325,USER00760,53181.0,card,completed,2022-10-01 07:16:00
PAY00251,AUC00251,USER01418,USER00628,59264.0,card,completed,2025-05-21 06:03:00
PAY00252,AUC00252,USER01624,USER01865,37623.0,wallet,completed,2024-08-25 05:50:00
PAY00256,AUC00256,USER02192,USER01748,52647.0,wallet,completed,2022-03-08 05:31:00
PAY00257,AUC00257,USER02977,USER00769,40274.0,UPI,completed,2023-12-23 01:49:00
PAY00258,AUC00258,USER00188,USER02674,37606.0,card,completed,2023-03-09 07:29:00
PAY00260,AUC00260,USER02235,USER02711,71370.0,UPI,completed,2023-11-29 20:32:00
PAY00262,AUC00262,USER02533,USER01168,41108.0,UPI,completed,2024-12-12 06:45:00
PAY00265,AUC00265,USER02247,USER01179,0,wallet,failed,2023-12-03 11:04:00
PAY00266,AUC00266,USER00418,USER02198,24136.0,wallet,completed,2024-10-27 22:28:00
PAY00267,AUC00267,USER01924,USER00161,82028.0,wallet,completed,2025-08-04 09:46:00
PAY00268,AUC00268,USER02206,USER01572,18778.0,UPI,pending,2022-06-12 14:57:00
PAY00270,AUC00270,USER02078,USER00615,79868.0,wallet,pending,2023-05-03 22:10:00
PAY00271,AUC00271,USER02101,USER01073,62027.0,card,completed,2022-05-07 22:16:00
PAY00273,AUC00273,USER02872,USER00468,0,UPI,failed,2025-10-22 08:49:00
PAY00274,AUC00274,USER01659,USER02002,0,UPI,failed,2022-01-06 05:08:00
PAY00275,AUC00275,USER00057,USER00822,74555.0,wallet,completed,2025-05-13 16:00:00
PAY00278,AUC00278,USER00782,USER00259,25388.0,card,completed,2025-08-05 15:55:00
PAY00279,AUC00279,USER01746,USER01300,43118.0,card,completed,2023-06-05 05:43:00
PAY00281,AUC00281,USER01437,USER02935,74428.0,UPI,completed,2025-05-23 10:34:00
PAY00282,AUC00282,USER01163,USER02808,27935.0,UPI,pending,2022-12-23 15:01:00
PAY00283,AUC00283,USER00679,USER00892,10660.0,wallet,completed,2023-05-14 12:25:00
PAY00284,AUC00284,USER01545,USER01560,15575.0,wallet,completed,2022-10-14 17:39:00
PAY00285,AUC00285,USER01847,USER02540,20427.0,card,completed,2025-06-02 17:48:00
PAY00286,AUC00286,USER01869,USER01944,0,UPI,failed,2023-03-14 11:44:00
PAY00290,AUC00290,USER02524,USER00450,82460.0,UPI,completed,2025-05-22 10:45:00
PAY00291,AUC00291,USER02091,USER00115,5998.0,wallet,completed,2023-05-21 14:52:00
PAY00292,AUC00292,USER00303,USER02937,85598.0,UPI,completed,2022-02-03 21:59:00
PAY00293,AUC00293,USER02830,USER02850,41054.0,card,completed,2025-07-04 17:18:00
PAY00294,AUC00294,USER00079,USER01562,23154.0,card,completed,2025-10-24 18:38:00
PAY00296,AUC00296,USER02039,USER01825,14594.0,wallet,completed,2023-05-19 17:28:00
PAY00297,AUC00297,USER01315,USER01985,0,UPI,failed,2022-10-19 03:10:00
PAY00298,AUC00298,USER02674,USER01562,13509.0,wallet,pending,2024-04-24 11:13:00
PAY00300,AUC00300,USER01276,USER00636,6719.0,card,completed,2022-03-12 08:25:00
PAY00301,AUC00301,USER00580,USER01528,99428.0,wallet,completed,2022-10-23 12:12:00
PAY00305,AUC00305,USER00323,USER00075,96191.0,UPI,completed,2025-07-02 22:01:00
PAY00306,AUC00306,USER00514,USER00182,2241.0,card,completed,2025-08-01 19:48:00
PAY00309,AUC00309,USER01910,USER00754,57534.0,card,completed,2025-10-05 12:17:00
PAY00310,AUC00310,USER02214,USER02319,56538.0,card,completed,2025-07-30 13:17:00
PAY00311,AUC00311,USER01925,USER01748,0,card,failed,2024-03-04 21:46:00
PAY00312,AUC00312,USER02781,USER00341,89597.0,card,completed,2022-05-26 12:00:00
PAY00313,AUC00313,USER02300,USER00981,17779.0,wallet,completed,2022-11-28 07:59:00
PAY00315,AUC00315,USER02145,USER02920,7236.0,wallet,pending,2025-09-05 22:59:00
PAY00317,AUC00317,USER00704,USER02536,70623.0,card,completed,2023-04-30 07:44:00
PAY00322,AUC00322,USER01990,USER00915,65009.0,UPI,completed,2024-07-03 10:31:00
PAY00324,AUC00324,USER02751,USER01527,9724.0,wallet,completed,2022-01-27 15:49:00
PAY00325,AUC00325,USER00625,USER01907,27891.0,card,completed,2022-11-26 21:13:00
PAY00327,AUC00327,USER02286,USER01362,15946.0,wallet,completed,2022-04-07 09:01:00
PAY00330,AUC00330,USER02204,USER02348,79519.0,wallet,completed,2025-11-03 15:38:00
PAY00331,AUC00331,USER02923,USER02128,91529.0,card,completed,2022-12-07 04:47:00
PAY00332,AUC00332,USER01528,USER01496,90689.0,wallet,completed,2024-12-05 15:45:00
PAY00335,AUC00335,USER01991,USER00752,27431.0,UPI,completed,2024-06-08 02:56:00
PAY00336,AUC00336,USER01368,USER01669,77050.0,card,pending,2024-03-01 19:56:00
PAY00337,AUC00337,USER00459,USER00468,54215.0,card,completed,2024-12-19 08:55:00
PAY00339,AUC00339,USER01047,USER02955,23138.0,UPI,completed,2025-03-06 19:44:00
PAY00342,AUC00342,USER01126,USER00495,22421.0,wallet,completed,2025-07-24 23:03:00
PAY00345,AUC00345,USER02321,USER02657,9619.0,UPI,completed,2022-03-10 02:53:00
PAY00347,AUC00347,USER00691,USER02287,68782.0,UPI,completed,2022-06-27 06:29:00
PAY00348,AUC00348,USER01296,USER00216,96894.0,UPI,completed,2025-08-29 02:55:00
PAY00350,AUC00350,USER00353,USER00879,2445.0,card,completed,2022-04-13 12:52:00
PAY00351,AUC00351,USER02507,USER00695,75036.0,wallet,completed,2023-09-26 02:28:00
PAY00352,AUC00352,USER02102,USER02650,97335.0,wallet,completed,2024-04-19 21:31:00
PAY00353,AUC00353,USER02212,USER00242,37241.0,wallet,completed,2025-03-26 00:16:00
PAY00357,AUC00357,USER01353,USER00249,61428.0,wallet,completed,2025-04-19 23:57:00
PAY00358,AUC00358,USER00330,USER00780,0,UPI,failed,2024-05-30 13:57:00
PAY00359,AUC00359,USER01949,USER00256,17736.0,UPI,completed,2023-10-06 10:35:00
PAY00361,AUC00361,USER00100,USER00123,51068.0,wallet,completed,2023-12-20 15:18:00
PAY00362,AUC00362,USER01452,USER01300,0,card,failed,2023-12-25 17:22:00
PAY00363,AUC00363,USER00181,USER01040,82855.0,wallet,completed,2023-10-05 16:48:00
PAY00364,AUC00364,USER00690,USER01200,0,card,failed,2022-06-14 20:31:00
PAY00365,AUC00365,USER02587,USER00938,91177.0,UPI,completed,2025-12-26 20:51:00
PAY00366,AUC00366,USER02878,USER00541,28907.0,wallet,completed,2025-04-28 12:03:00
PAY00367,AUC00367,USER02261,USER01042,40815.0,card,completed,2022-08-26 06:47:00
PAY00368,AUC00368,USER00325,USER00504,0,UPI,failed,2022-02-27 00:50:00
PAY00369,AUC00369,USER01177,USER00056,39447.0,wallet,completed,2023-07-27 00:36:00
PAY00373,AUC00373,USER01200,USER01763,0,UPI,failed,2024-03-01 17:47:00
PAY00375,AUC00375,USER02167,USER01383,23304.0,wallet,completed,2023-10-04 21:14:00
PAY00376,AUC00376,USER00818,USER02617,62254.0,UPI,completed,2023-08-04 16:32:00
PAY00378,AUC00378,USER02666,USER02385,0,UPI,failed,2025-06-26 16:28:00
PAY00379,AUC00379,USER01077,USER01275,96494.0,UPI,completed,2023-04-23 12:23:00
PAY00380,AUC00380,USER02470,USER00785,60807.0,UPI,completed,2022-06-02 02:45:00
PAY00382,AUC00382,USER00973,USER00448,83883.0,card,completed,2025-04-27 23:51:00
PAY00388,AUC00388,USER02744,USER01059,66034.0,wallet,pending,2022-07-14 07:32:00
PAY00390,AUC00390,USER00986,USER02085,30368.0,card,completed,2024-01-29 02:08:00
PAY00391,AUC00391,USER00742,USER02553,72034.0,wallet,completed,2024-12-13 08:47:00
PAY00393,AUC00393,USER00555,USER00755,26861.0,card,completed,2025-02-21 14:37:00
PAY00394,AUC00394,USER01595,USER01037,69817.0,wallet,pending,2022-04-15 09:10:00
PAY00395,AUC00395,USER01378,USER01992,58448.0,wallet,completed,2025-11-18 16:49:00
PAY00397,AUC00397,USER00735,USER00256,0,wallet,failed,2023-12-29 00:09:00
PAY00400,AUC00400,USER01223,USER01874,89610.0,card,completed,2024-11-05 09:37:00
PAY00404,AUC00404,USER01736,USER02026,0,card,failed,2025-10-07 15:43:00
PAY00405,AUC00405,USER01451,USER00066,17980.0,card,completed,2024-04-27 16:53:00
PAY00406,AUC00406,USER01572,USER00513,19083.0,wallet,completed,2023-04-13 12:45:00
PAY00408,AUC00408,USER01458,USER02737,0,wallet,failed,2025-06-21 04:32:00
PAY00409,AUC00409,USER00727,USER00217,78410.0,UPI,pending,2025-09-18 11:03:00
PAY00411,AUC00411,USER00642,USER01473,91504.0,wallet,completed,2024-03-26 20:52:00
PAY00412,AUC00412,USER00937,USER00028,82647.0,UPI,completed,2023-11-03 08:36:00
PAY00413,AUC00413,USER00896,USER02113,70241.0,UPI,completed,2025-02-02 11:00:00
PAY00414,AUC00414,USER00118,USER02263,13184.0,card,completed,2024-08-26 15:14:00
PAY00415,AUC00415,USER00873,USER02148,53335.0,UPI,completed,2022-11-09 21:22:00
PAY00416,AUC00416,USER02723,USER01023,83298.0,wallet,completed,2024-12-09 10:39:00
PAY00417,AUC00417,USER02826,USER00582,15904.0,card,completed,2025-08-19 18:31:00
PAY00418,AUC00418,USER01795,USER02000,85067.0,card,completed,2023-06-20 02:33:00
PAY00419,AUC00419,USER00732,USER02223,0,card,failed,2025-07-31 05:20:00
PAY00422,AUC00422,USER00361,USER02721,63111.0,card,completed,2023-09-07 19:32:00
PAY00424,AUC00424,USER00716,USER00386,40205.0,wallet,completed,2023-11-27 22:27:00
PAY00425,AUC00425,USER01792,USER00142,83310.0,UPI,completed,2023-09-13 16:07:00
PAY00426,AUC00426,USER02337,USER01723,0,UPI,failed,2022-03-05 10:11:00
PAY00428,AUC00428,USER00168,USER01650,28991.0,wallet,pending,2024-03-23 07:09:00
PAY00429,AUC00429,USER02614,USER00273,91089.0,UPI,completed,2022-06-10 21:49:00
PAY00430,AUC00430,USER00885,USER00426,3644.0,card,pending,2025-10-14 12:45:00
PAY00436,AUC00436,USER01109,USER01466,36050.0,UPI,completed,2025-04-08 09:50:00
PAY00437,AUC00437,USER00783,USER02697,14858.0,card,completed,2023-11-19 04:17:00
PAY00439,AUC00439,USER01355,USER01660,0,wallet,failed,2025-03-10 08:37:00
PAY00440,AUC00440,USER01424,USER02536,4188.0,UPI,completed,2025-11-05 15:19:00
PAY00441,AUC00441,USER02711,USER00636,12196.0,UPI,completed,2025-05-22 15:03:00
PAY00442,AUC00442,USER01399,USER02821,38910.0,card,completed,2023-04-03 17:45:00
PAY00443,AUC00443,USER00519,USER02763,19187.0,UPI,pending,2025-08-29 07:33:00
PAY00444,AUC00444,USER02201,USER01562,13922.0,wallet,completed,2024-04-20 18:19:00
PAY00446,AUC00446,USER01540,USER00091,20468.0,card,pending,2022-06-29 07:39:00
PAY00448,AUC00448,USER02460,USER01500,8909.0,wallet,completed,2023-07-31 15:00:00
PAY00451,AUC00451,USER01414,USER01119,0,UPI,failed,2025-08-24 15:10:00
PAY00452,AUC00452,USER00818,USER02885,16822.0,card,completed,2023-09-13 14:48:00
PAY00454,AUC00454,USER00712,USER01996,21624.0,UPI,completed,2022-03-22 16:25:00
PAY00455,AUC00455,USER02001,USER02059,14015.0,UPI,pending,2022-04-19 04:00:00
PAY00456,AUC00456,USER00768,USER00068,82625.0,card,completed,2024-08-14 17:19:00
PAY00459,AUC00459,USER00423,USER00485,38508.0,card,completed,2023-11-29 07:23:00
PAY00463,AUC00463,USER00423,USER02116,73682.0,wallet,pending,2022-05-13 13:49:00
PAY00464,AUC00464,USER01482,USER02025,0,wallet,failed,2024-04-04 23:43:00
PAY00466,AUC00466,USER00641,USER01241,8372.0,wallet,completed,2025-04-07 23:05:00
PAY00469,AUC00469,USER01575,USER00618,33248.0,wallet,completed,2024-04-28 15:45:00
PAY00471,AUC00471,USER02604,USER00895,78513.0,wallet,completed,2025-09-16 14:41:00
PAY00472,AUC00472,USER00940,USER02949,0,card,failed,2022-11-27 05:52:00
PAY00474,AUC00474,USER02474,USER00175,46017.0,wallet,pending,2022-05-11 17:02:00
PAY00476,AUC00476,USER02979,USER00337,59069.0,wallet,completed,2023-08-26 16:33:00
PAY00478,AUC00478,USER02605,USER01996,29631.0,card,completed,2023-06-02 19:25:00
PAY00479,AUC00479,USER00503,USER02765,71087.0,wallet,completed,2025-04-16 08:06:00
PAY00483,AUC00483,USER01664,USER00902,11396.0,card,completed,2023-04-10 23:07:00
PAY00484,AUC00484,USER02231,USER02513,82053.0,UPI,completed,2025-03-10 06:27:00
PAY00485,AUC00485,USER00615,USER01789,3652.0,wallet,completed,2024-11-17 04:57:00
PAY00487,AUC00487,USER01036,USER00858,42894.0,card,completed,2023-11-20 04:58:00
PAY00488,AUC00488,USER02804,USER01685,97561.0,UPI,completed,2023-05-31 00:27:00
PAY00490,AUC00490,USER02209,USER01644,57242.0,wallet,completed,2025-08-19 06:58:00
PAY00492,AUC00492,USER02433,USER00132,29221.0,UPI,completed,2024-12-19 13:12:00
PAY00493,AUC00493,USER02042,USER01985,67915.0,card,completed,2023-09-04 23:09:00
PAY00494,AUC00494,USER00966,USER01355,94614.0,UPI,completed,2025-07-29 07:16:00
PAY00495,AUC00495,USER01974,USER01377,69665.0,card,completed,2023-09-23 21:39:00
PAY00496,AUC00496,USER00330,USER01039,50916.0,wallet,completed,2024-06-11 16:09:00
PAY00498,AUC00498,USER01579,USER02992,70853.0,UPI,completed,2023-09-29 17:03:00
PAY00500,AUC00500,USER00787,USER01522,72814.0,card,completed,2025-03-15 19:19:00
PAY00504,AUC00504,USER02935,USER01869,38787.0,wallet,completed,2024-09-30 13:32:00
PAY00507,AUC00507,USER00076,USER00788,0,card,failed,2023-08-10 08:31:00
PAY00510,AUC00510,USER01022,USER01466,0,card,failed,2025-08-22 06:42:00
PAY00511,AUC00511,USER02624,USER01970,70997.0,wallet,completed,2022-05-17 19:53:00
PAY00512,AUC00512,USER00482,USER00479,71533.0,wallet,completed,2024-03-09 15:06:00
PAY00513,AUC00513,USER01556,USER00780,45139.0,card,completed,2025-08-02 21:55:00
PAY00514,AUC00514,USER02319,USER02548,25418.0,UPI,completed,2022-10-17 16:52:00
PAY00515,AUC00515,USER00564,USER00663,0,card,failed,2024-05-30 17:49:00
PAY00516,AUC00516,USER00890,USER02338,60005.0,card,pending,2023-08-12 05:26:00
PAY00517,AUC00517,USER02993,USER02812,32885.0,wallet,completed,2023-04-11 15:34:00
PAY00518,AUC00518,USER00223,USER02000,0,UPI,failed,2022-02-20 05:36:00
PAY00521,AUC00521,USER00448,USER00248,0,card,failed,2025-08-30 09:34:00
PAY00522,AUC00522,USER02729,USER01142,24127.0,wallet,completed,2024-04-26 15:36:00
PAY00524,AUC00524,USER01472,USER00785,22915.0,wallet,completed,2023-05-19 09:37:00
PAY00527,AUC00527,USER01051,USER01171,79900.0,card,completed,2025-12-11 01:44:00
PAY00528,AUC00528,USER02496,USER02657,49984.0,card,completed,2025-05-28 12:22:00
PAY00530,AUC00530,USER00590,USER00328,19515.0,UPI,completed,2024-06-27 08:54:00
PAY00532,AUC00532,USER00644,USER01084,0,UPI,failed,2024-05-01 14:11:00
PAY00533,AUC00533,USER01514,USER00759,0,card,failed,2023-06-03 18:15:00
PAY00534,AUC00534,USER01354,USER00622,52455.0,card,completed,2023-05-04 22:29:00
PAY00535,AUC00535,USER02898,USER01869,0,UPI,failed,2025-07-10 07:30:00
PAY00536,AUC00536,USER01466,USER02916,39609.0,UPI,completed,2023-08-16 15:50:00
PAY00537,AUC00537,USER01296,USER00371,80475.0,card,completed,2024-02-26 02:28:00
PAY00539,AUC00539,USER00926,USER02608,0,wallet,failed,2024-06-03 01:08:00
PAY00544,AUC00544,USER02974,USER00891,34154.0,card,completed,2024-07-13 15:19:00
PAY00545,AUC00545,USER00684,USER02166,39825.0,UPI,pending,2023-03-29 01:49:00
PAY00546,AUC00546,USER01279,USER02885,0,card,failed,2025-03-24 12:15:00
PAY00547,AUC00547,USER02345,USER02336,63425.0,card,pending,2022-02-06 09:58:00
PAY00550,AUC00550,USER02976,USER02411,37163.0,card,completed,2022-02-01 13:54:00
PAY00553,AUC00553,USER01119,USER00553,89075.0,wallet,completed,2024-08-21 04:08:00
PAY00554,AUC00554,USER01283,USER01402,87158.0,card,completed,2022-06-02 23:37:00
PAY00556,AUC00556,USER01661,USER00463,42183.0,wallet,completed,2024-11-17 03:41:00
PAY00557,AUC00557,USER00494,USER02763,92409.0,card,pending,2025-08-25 16:49:00
PAY00559,AUC00559,USER02830,USER01235,67462.0,card,completed,2022-06-10 01:40:00
PAY00562,AUC00562,USER02964,USER00341,35406.0,UPI,completed,2025-04-05 11:02:00
PAY00565,AUC00565,USER02130,USER01179,52861.0,card,completed,2023-02-18 12:37:00
PAY00568,AUC00568,USER02970,USER02087,37746.0,card,pending,2023-06-15 15:47:00
PAY00569,AUC00569,USER02194,USER02367,0,UPI,failed,2024-08-31 21:07:00
PAY00570,AUC00570,USER01447,USER01869,0,UPI,failed,2024-02-28 00:59:00
PAY00574,AUC00574,USER01698,USER00524,31259.0,wallet,completed,2024-04-26 14:39:00
PAY00575,AUC00575,USER00138,USER01282,86788.0,wallet,completed,2022-11-29 14:39:00
PAY00576,AUC00576,USER02530,USER01424,59558.0,wallet,completed,2022-10-05 05:22:00
PAY00578,AUC00578,USER02074,USER02632,0,card,failed,2022-02-09 06:39:00
PAY00582,AUC00582,USER01048,USER00017,83265.0,wallet,pending,2024-11-05 06:39:00
PAY00584,AUC00584,USER00615,USER02113,15577.0,card,completed,2025-10-24 14:59:00
PAY00586,AUC00586,USER02699,USER01375,32635.0,wallet,completed,2024-12-19 12:02:00
PAY00588,AUC00588,USER02812,USER00843,35174.0,wallet,completed,2025-02-13 03:45:00
PAY00589,AUC00589,USER01730,USER02419,46734.0,card,completed,2024-09-22 13:55:00
PAY00590,AUC00590,USER00983,USER00692,49385.0,wallet,completed,2022-05-03 08:16:00
PAY00591,AUC00591,USER02210,USER00180,55613.0,wallet,pending,2025-11-15 00:17:00
PAY00594,AUC00594,USER02086,USER00304,49160.0,wallet,completed,2025-04-10 00:44:00
PAY00596,AUC00596,USER01307,USER00538,0,wallet,failed,2022-12-15 05:33:00
PAY00597,AUC00597,USER01961,USER00584,0,card,failed,2025-12-20 15:59:00
PAY00600,AUC00600,USER00373,USER02267,76242.0,wallet,completed,2025-07-04 20:19:00
PAY00601,AUC00601,USER00456,USER01423,50395.0,wallet,completed,2025-03-21 19:17:00
PAY00602,AUC00602,USER02359,USER01642,95481.0,wallet,completed,2023-02-01 15:59:00
PAY00603,AUC00603,USER00882,USER00672,10005.0,card,completed,2024-01-09 03:12:00
PAY00605,AUC00605,USER00847,USER01562,96554.0,card,completed,2025-05-08 10:42:00
PAY00606,AUC00606,USER02244,USER00816,36699.0,wallet,completed,2022-05-12 16:01:00
PAY00607,AUC00607,USER01752,USER02110,32860.0,UPI,completed,2025-04-03 22:34:00
PAY00609,AUC00609,USER01358,USER02128,49650.0,UPI,completed,2025-08-19 09:21:00
PAY00612,AUC00612,USER00162,USER02375,88651.0,UPI,completed,2022-10-28 23:19:00
PAY00614,AUC00614,USER00224,USER02051,77308.0,card,completed,2022-01-16 01:17:00
PAY00615,AUC00615,USER00371,USER00260,67836.0,UPI,completed,2024-07-19 07:51:00
PAY00616,AUC00616,USER00233,USER01135,44705.0,UPI,completed,2023-05-18 14:23:00
PAY00617,AUC00617,USER00271,USER02152,47801.0,card,completed,2023-12-01 05:56:00
PAY00618,AUC00618,USER00453,USER00760,33105.0,UPI,completed,2023-02-05 20:24:00
PAY00619,AUC00619,USER00589,USER02439,71985.0,card,completed,2026-01-02 08:54:00
PAY00620,AUC00620,USER00058,USER00569,49820.0,card,completed,2022-02-22 21:13:00
PAY00621,AUC00621,USER00896,USER01055,1298.0,wallet,completed,2023-09-24 05:35:00
PAY00632,AUC00632,USER01699,USER02625,29135.0,UPI,completed,2024-05-15 05:25:00
PAY00633,AUC00633,USER00588,USER02438,46593.0,card,completed,2022-12-31 10:21:00
PAY00634,AUC00634,USER00057,USER02584,19738.0,UPI,completed,2023-12-15 10:28:00
PAY00635,AUC00635,USER00992,USER02409,62976.0,wallet,completed,2024-11-08 22:01:00
PAY00637,AUC00637,USER02818,USER02812,76360.0,UPI,completed,2025-09-26 16:55:00
PAY00638,AUC00638,USER02804,USER01656,76817.0,UPI,completed,2022-04-12 03:42:00
PAY00639,AUC00639,USER00143,USER01119,47003.0,UPI,completed,2024-01-27 00:51:00
PAY00640,AUC00640,USER00668,USER01172,71705.0,card,pending,2022-09-15 22:30:00
PAY00641,AUC00641,USER00770,USER00479,52645.0,card,pending,2024-05-22 22:50:00
PAY00646,AUC00646,USER01335,USER01186,75453.0,card,completed,2024-09-09 00:38:00
PAY00647,AUC00647,USER00308,USER00182,87305.0,wallet,completed,2024-06-27 16:58:00
PAY00648,AUC00648,USER00326,USER02552,53121.0,card,completed,2025-01-21 00:22:00
PAY00649,AUC00649,USER01774,USER02023,0,UPI,failed,2022-09-16 23:15:00
PAY00651,AUC00651,USER02011,USER01721,36242.0,wallet,completed,2022-06-03 17:05:00
PAY00652,AUC00652,USER01367,USER02244,52004.0,wallet,completed,2023-09-03 08:55:00
PAY00653,AUC00653,USER02716,USER00957,46091.0,UPI,completed,2022-11-08 23:50:00
PAY00654,AUC00654,USER00966,USER00409,52024.0,UPI,completed,2023-03-12 20:10:00
PAY00657,AUC00657,USER00355,USER00023,47717.0,wallet,completed,2023-08-11 02:24:00
PAY00660,AUC00660,USER01422,USER02322,12329.0,UPI,completed,2023-01-28 19:59:00
PAY00663,AUC00663,USER01933,USER02289,98369.0,UPI,completed,2022-07-03 00:41:00
PAY00664,AUC00664,USER00717,USER01383,36780.0,UPI,completed,2025-06-05 04:15:00
PAY00665,AUC00665,USER02123,USER01104,64431.0,UPI,completed,2025-02-09 08:34:00
PAY00666,AUC00666,USER02086,USER02984,31909.0,card,completed,2025-04-28 06:54:00
PAY00667,AUC00667,USER02408,USER01007,0,wallet,failed,2023-11-21 16:37:00
PAY00670,AUC00670,USER02189,USER01589,32738.0,UPI,completed,2023-01-16 13:18:00
PAY00672,AUC00672,USER01532,USER01416,0,UPI,failed,2024-06-01 02:29:00
PAY00673,AUC00673,USER01917,USER00915,79504.0,UPI,completed,2022-12-27 02:03:00
PAY00674,AUC00674,USER01964,USER02949,0,card,failed,2025-04-21 16:45:00
PAY00675,AUC00675,USER01229,USER01327,87085.0,wallet,completed,2025-01-27 16:21:00
PAY00676,AUC00676,USER01686,USER00413,44327.0,card,completed,2022-08-09 17:51:00
PAY00677,AUC00677,USER01079,USER02846,83778.0,card,completed,2025-09-24 19:58:00
PAY00679,AUC00679,USER01132,USER00785,26484.0,card,completed,2024-01-14 01:38:00
PAY00680,AUC00680,USER01602,USER01896,46496.0,card,completed,2022-09-13 12:14:00
PAY00681,AUC00681,USER01703,USER01825,10003.0,UPI,pending,2024-05-19 22:01:00
PAY00683,AUC00683,USER00203,USER00179,20887.0,card,completed,2023-10-28 18:27:00
PAY00684,AUC00684,USER00203,USER01003,44809.0,wallet,completed,2022-11-04 13:14:00
PAY00685,AUC00685,USER01112,USER01667,0,wallet,failed,2025-07-18 10:56:00
PAY00686,AUC00686,USER01559,USER01555,36761.0,UPI,completed,2023-09-07 22:25:00
PAY00689,AUC00689,USER02676,USER02612,0,card,failed,2024-01-25 07:36:00
PAY00690,AUC00690,USER01614,USER00842,20708.0,card,completed,2024-07-11 05:13:00
PAY00692,AUC00692,USER00430,USER01814,7508.0,card,completed,2022-02-23 13:34:00
PAY00696,AUC00696,USER00630,USER00218,65900.0,card,completed,2023-09-06 15:59:00
PAY00697,AUC00697,USER00782,USER02949,89477.0,UPI,completed,2023-06-21 05:28:00
PAY00698,AUC00698,USER02471,USER01473,0,card,failed,2025-08-13 14:54:00
PAY00702,AUC00702,USER02285,USER00230,64000.0,wallet,completed,2023-10-08 00:32:00
PAY00703,AUC00703,USER00535,USER01284,0,card,failed,2023-10-06 06:00:00
PAY00704,AUC00704,USER01380,USER00628,98617.0,card,completed,2023-12-17 00:41:00
PAY00706,AUC00706,USER01196,USER00075,28811.0,UPI,completed,2022-08-15 16:39:00
PAY00707,AUC00707,USER00240,USER00963,42298.0,UPI,completed,2025-10-19 11:11:00
PAY00708,AUC00708,USER00366,USER00512,18061.0,wallet,completed,2024-06-21 18:18:00
PAY00710,AUC00710,USER02165,USER01322,0,wallet,failed,2025-03-25 21:21:00
PAY00715,AUC00715,USER02570,USER00749,83541.0,UPI,completed,2023-09-07 22:13:00
PAY00716,AUC00716,USER00953,USER01480,0,UPI,failed,2025-12-26 01:54:00
PAY00719,AUC00719,USER00577,USER01953,74131.0,UPI,completed,2024-11-03 14:12:00
PAY00720,AUC00720,USER00953,USER02416,28495.0,wallet,completed,2022-04-15 15:24:00
PAY00721,AUC00721,USER00619,USER02768,26190.0,UPI,completed,2022-03-11 14:32:00
PAY00722,AUC00722,USER02048,USER02994,5701.0,card,completed,2022-07-27 06:45:00
PAY00724,AUC00724,USER00484,USER01890,0,card,failed,2023-12-07 09:37:00
PAY00725,AUC00725,USER00450,USER01605,0,wallet,failed,2023-04-27 06:36:00
PAY00726,AUC00726,USER00467,USER00178,25411.0,wallet,completed,2025-03-12 12:58:00
PAY00727,AUC00727,USER00979,USER00325,8517.0,UPI,completed,2024-02-18 15:43:00
PAY00728,AUC00728,USER01032,USER02203,55393.0,wallet,completed,2023-10-21 06:27:00
PAY00729,AUC00729,USER00434,USER01660,38965.0,card,completed,2025-12-21 12:45:00
PAY00731,AUC00731,USER01354,USER00695,17873.0,wallet,completed,2024-01-16 12:10:00
PAY00733,AUC00733,USER01991,USER01565,85601.0,wallet,completed,2023-07-23 20:11:00
PAY00736,AUC00736,USER00276,USER02962,78232.0,wallet,completed,2022-11-01 10:06:00
PAY00737,AUC00737,USER01041,USER01040,42458.0,wallet,completed,2024-01-02 11:15:00
PAY00738,AUC00738,USER00527,USER01347,71249.0,UPI,completed,2024-09-11 19:15:00
PAY00739,AUC00739,USER00982,USER00020,35845.0,wallet,completed,2022-06-21 18:24:00
PAY00742,AUC00742,USER00640,USER00705,0,card,failed,2025-08-06 23:02:00
PAY00743,AUC00743,USER00615,USER00442,95252.0,UPI,completed,2024-02-12 10:53:00
PAY00744,AUC00744,USER02425,USER01050,78046.0,wallet,completed,2023-01-15 18:32:00
PAY00745,AUC00745,USER00077,USER01232,16923.0,card,completed,2025-05-21 04:01:00
PAY00747,AUC00747,USER02680,USER02250,88787.0,wallet,completed,2024-07-26 13:11:00
PAY00748,AUC00748,USER01318,USER01802,88333.0,card,completed,2022-07-22 08:11:00
PAY00750,AUC00750,USER01144,USER00988,61246.0,UPI,completed,2023-04-27 23:50:00
PAY00755,AUC00755,USER02942,USER00695,35864.0,wallet,completed,2025-10-04 12:04:00
PAY00760,AUC00760,USER02507,USER02259,53066.0,UPI,completed,2022-07-02 22:17:00
PAY00762,AUC00762,USER02894,USER02859,0,wallet,failed,2024-01-11 04:33:00
PAY00763,AUC00763,USER00516,USER00730,24453.0,wallet,completed,2022-01-29 04:59:00
PAY00765,AUC00765,USER01121,USER00248,2055.0,UPI,completed,2022-04-16 16:50:00
PAY00769,AUC00769,USER00891,USER02544,0,UPI,failed,2024-03-17 14:47:00
PAY00772,AUC00772,USER00958,USER02667,33698.0,UPI,pending,2023-02-13 23:11:00
PAY00773,AUC00773,USER01874,USER00567,72176.0,wallet,completed,2023-04-30 00:59:00
PAY00774,AUC00774,USER01394,USER00317,0,UPI,failed,2023-09-03 01:19:00
PAY00778,AUC00778,USER01592,USER02334,56133.0,card,completed,2022-07-28 14:42:00
PAY00779,AUC00779,USER00873,USER01664,28177.0,card,completed,2023-10-10 15:41:00
PAY00780,AUC00780,USER02292,USER00386,85917.0,UPI,completed,2022-02-16 10:51:00
PAY00781,AUC00781,USER02636,USER02109,67486.0,UPI,completed,2022-03-20 13:38:00
PAY00782,AUC00782,USER02047,USER02310,49200.0,wallet,completed,2022-11-07 22:25:00
PAY00783,AUC00783,USER02127,USER01986,3538.0,wallet,completed,2025-01-26 05:02:00
PAY00784,AUC00784,USER02339,USER01046,0,UPI,failed,2022-09-14 17:15:00
PAY00787,AUC00787,USER00850,USER00780,8307.0,UPI,completed,2024-11-05 03:15:00
PAY00789,AUC00789,USER02678,USER02044,71321.0,UPI,completed,2023-09-17 17:37:00
PAY00790,AUC00790,USER00210,USER01676,0,wallet,failed,2025-04-01 08:24:00
PAY00791,AUC00791,USER01147,USER00017,67046.0,wallet,completed,2023-08-31 07:25:00
PAY00792,AUC00792,USER02736,USER00903,0,card,failed,2024-08-12 05:10:00
PAY00794,AUC00794,USER02319,USER01519,96212.0,UPI,completed,2023-03-03 09:53:00
PAY00795,AUC00795,USER00056,USER01334,0,UPI,failed,2022-04-05 10:11:00
PAY00797,AUC00797,USER01299,USER00586,75193.0,wallet,completed,2024-10-02 11:08:00
PAY00800,AUC00800,USER02033,USER00417,78138.0,UPI,completed,2024-09-10 16:06:00
PAY00803,AUC00803,USER00004,USER00358,76980.0,card,completed,2024-01-04 04:35:00
PAY00804,AUC00804,USER02453,USER01370,27739.0,wallet,completed,2025-03-07 07:37:00
PAY00806,AUC00806,USER00499,USER01456,69014.0,UPI,completed,2024-02-29 13:49:00
PAY00808,AUC00808,USER00318,USER01565,55182.0,UPI,completed,2023-06-26 08:22:00
PAY00809,AUC00809,USER00032,USER00794,97877.0,wallet,pending,2024-07-22 13:32:00
PAY00810,AUC00810,USER00318,USER02919,0,card,failed,2023-12-19 09:30:00
PAY00812,AUC00812,USER00369,USER01523,44350.0,wallet,completed,2024-04-06 20:30:00
PAY00813,AUC00813,USER01663,USER01290,45209.0,card,completed,2025-04-17 19:31:00
PAY00818,AUC00818,USER01545,USER02768,46671.0,wallet,completed,2025-12-16 04:57:00
PAY00819,AUC00819,USER01399,USER00760,68766.0,wallet,completed,2024-02-19 22:45:00
PAY00820,AUC00820,USER01841,USER01009,91032.0,wallet,completed,2023-07-17 20:44:00
PAY00821,AUC00821,USER01251,USER02334,88690.0,card,completed,2022-04-05 18:21:00
PAY00823,AUC00823,USER01988,USER00387,84705.0,card,completed,2022-12-15 03:32:00
PAY00826,AUC00826,USER01571,USER01446,50588.0,UPI,completed,2022-07-23 09:52:00
PAY00829,AUC00829,USER02776,USER02930,44411.0,UPI,completed,2024-03-31 13:30:00
PAY00831,AUC00831,USER00699,USER02176,89713.0,UPI,pending,2023-09-01 09:30:00
PAY00832,AUC00832,USER00485,USER00335,92340.0,card,pending,2025-07-23 14:13:00
PAY00833,AUC00833,USER02488,USER01768,18162.0,card,completed,2022-06-17 13:15:00
PAY00834,AUC00834,USER00509,USER01295,42566.0,card,pending,2023-08-04 16:58:00
PAY00836,AUC00836,USER02571,USER01446,67020.0,card,completed,2025-04-17 10:22:00
PAY00839,AUC00839,USER00104,USER02312,13382.0,UPI,completed,2022-05-17 00:05:00
PAY00844,AUC00844,USER00192,USER00407,40626.0,card,pending,2023-06-10 12:35:00
PAY00845,AUC00845,USER02030,USER02063,8665.0,card,completed,2023-11-12 21:14:00
PAY00847,AUC00847,USER00267,USER01860,0,UPI,failed,2022-12-18 15:31:00
PAY00849,AUC00849,USER01107,USER01211,19524.0,card,completed,2023-04-24 21:50:00
PAY00851,AUC00851,USER02174,USER00699,63126.0,card,completed,2022-08-13 12:01:00
PAY00853,AUC00853,USER01595,USER00463,96377.0,UPI,completed,2024-06-14 00:30:00
PAY00854,AUC00854,USER02182,USER00963,59387.0,wallet,completed,2022-08-28 01:26:00
PAY00855,AUC00855,USER00881,USER01676,37776.0,wallet,completed,2024-06-16 16:18:00
PAY00856,AUC00856,USER01999,USER02673,49480.0,card,completed,2023-11-03 08:57:00
PAY00857,AUC00857,USER02623,USER00822,93791.0,wallet,completed,2023-05-16 11:31:00
PAY00860,AUC00860,USER00094,USER00463,49891.0,wallet,completed,2024-01-13 02:33:00
PAY00861,AUC00861,USER02652,USER01271,99520.0,wallet,completed,2025-08-18 23:25:00
PAY00862,AUC00862,USER02297,USER01322,65284.0,wallet,completed,2022-08-22 09:09:00
PAY00863,AUC00863,USER00327,USER00463,44703.0,UPI,completed,2023-04-11 02:12:00
PAY00864,AUC00864,USER02596,USER02609,97628.0,UPI,completed,2025-11-11 06:24:00
PAY00865,AUC00865,USER02337,USER02968,30488.0,wallet,completed,2023-11-22 09:25:00
PAY00867,AUC00867,USER00960,USER01142,0,UPI,failed,2024-03-25 17:54:00
PAY00872,AUC00872,USER01822,USER00752,38048.0,UPI,completed,2025-11-17 11:15:00
PAY00874,AUC00874,USER02139,USER00020,0,UPI,failed,2022-02-03 12:16:00
PAY00875,AUC00875,USER01075,USER00804,76941.0,UPI,completed,2023-12-02 15:52:00
PAY00876,AUC00876,USER02950,USER00040,83489.0,UPI,completed,2025-07-04 22:13:00
PAY00877,AUC00877,USER02692,USER00844,19883.0,card,completed,2025-06-20 19:21:00
PAY00878,AUC00878,USER01487,USER01148,0,card,failed,2024-06-16 02:48:00
PAY00880,AUC00880,USER00295,USER01142,8888.0,UPI,pending,2024-02-23 16:17:00
PAY00881,AUC00881,USER01448,USER00065,2964.0,UPI,completed,2023-01-12 06:57:00
PAY00882,AUC00882,USER01087,USER00498,53514.0,UPI,pending,2023-02-12 00:46:00
PAY00884,AUC00884,USER01939,USER02860,67537.0,wallet,completed,2024-09-14 09:36:00
PAY00885,AUC00885,USER02305,USER01439,0,card,failed,2023-04-16 12:37:00
PAY00886,AUC00886,USER00236,USER00492,95578.0,card,completed,2023-09-12 22:59:00
PAY00887,AUC00887,USER02924,USER01100,38738.0,UPI,completed,2025-04-13 13:24:00
PAY00888,AUC00888,USER00728,USER00567,67982.0,wallet,completed,2023-11-03 19:02:00
PAY00889,AUC00889,USER00700,USER00895,84832.0,UPI,pending,2023-12-08 15:14:00
PAY00890,AUC00890,USER02484,USER02126,30875.0,wallet,completed,2024-01-01 15:59:00
PAY00897,AUC00897,USER02714,USER02420,0,card,failed,2025-09-25 08:33:00
PAY00900,AUC00900,USER02111,USER01923,86501.0,UPI,completed,2023-01-11 17:15:00
PAY00903,AUC00903,USER02755,USER01978,37726.0,card,completed,2023-01-30 03:01:00
PAY00904,AUC00904,USER01347,USER02256,0,wallet,failed,2022-01-17 19:59:00
PAY00906,AUC00906,USER00616,USER01725,65216.0,wallet,completed,2023-12-04 17:04:00
PAY00907,AUC00907,USER00001,USER02037,32882.0,wallet,completed,2025-09-20 20:13:00
PAY00908,AUC00908,USER02562,USER02904,36307.0,card,completed,2025-06-26 13:40:00
PAY00911,AUC00911,USER00940,USER02825,57355.0,wallet,completed,2024-01-05 05:40:00
PAY00913,AUC00913,USER01741,USER02618,25838.0,wallet,completed,2025-09-26 09:11:00
PAY00915,AUC00915,USER00490,USER00151,69115.0,card,completed,2024-11-04 08:30:00
PAY00917,AUC00917,USER02440,USER00656,71899.0,wallet,completed,2022-08-24 10:07:00
PAY00919,AUC00919,USER02454,USER01152,38311.0,card,completed,2025-05-08 19:13:00
PAY00920,AUC00920,USER02999,USER00582,0,card,failed,2023-02-19 01:51:00
PAY00922,AUC00922,USER02671,USER01634,48582.0,UPI,completed,2022-05-05 00:36:00
PAY00923,AUC00923,USER02026,USER00044,30239.0,UPI,completed,2024-02-12 20:03:00
PAY00924,AUC00924,USER00397,USER02687,48289.0,UPI,completed,2025-06-13 12:41:00
PAY00927,AUC00927,USER02490,USER01832,0,UPI,failed,2022-12-03 17:39:00
PAY00928,AUC00928,USER00815,USER01271,0,UPI,failed,2022-06-13 10:41:00
PAY00929,AUC00929,USER02406,USER02945,5013.0,card,completed,2022-10-15 18:40:00
PAY00930,AUC00930,USER01519,USER01749,15384.0,card,completed,2024-07-13 17:39:00
PAY00931,AUC00931,USER02207,USER02594,88224.0,card,completed,2022-03-31 13:43:00
PAY00934,AUC00934,USER00406,USER02622,0,wallet,failed,2024-10-11 21:51:00
PAY00936,AUC00936,USER00244,USER00468,91842.0,UPI,pending,2023-12-03 02:18:00
PAY00937,AUC00937,USER01647,USER01287,34016.0,card,completed,2023-06-12 09:25:00
PAY00939,AUC00939,USER02535,USER00562,0,UPI,failed,2022-12-04 18:42:00
PAY00940,AUC00940,USER01649,USER02227,4741.0,card,completed,2022-06-29 10:19:00
PAY00941,AUC00941,USER01117,USER00964,40342.0,card,completed,2025-11-10 11:41:00
PAY00943,AUC00943,USER00329,USER01041,45945.0,wallet,pending,2022-01-17 06:48:00
PAY00945,AUC00945,USER02941,USER01814,38335.0,wallet,completed,2024-02-11 16:34:00
PAY00946,AUC00946,USER02056,USER01007,30245.0,card,completed,2025-07-21 16:05:00
PAY00947,AUC00947,USER00324,USER01198,98879.0,wallet,completed,2025-10-30 19:02:00
PAY00948,AUC00948,USER01586,USER01347,23961.0,card,completed,2024-12-16 21:34:00
PAY00949,AUC00949,USER00584,USER01428,82612.0,UPI,completed,2025-11-01 01:17:00
PAY00950,AUC00950,USER01340,USER01647,23417.0,wallet,completed,2023-09-28 09:08:00
PAY00955,AUC00955,USER00947,USER00461,82460.0,UPI,completed,2025-04-03 20:20:00
PAY00956,AUC00956,USER02284,USER00337,7247.0,wallet,completed,2022-08-12 07:47:00
PAY00960,AUC00960,USER00177,USER02517,76631.0,wallet,completed,2023-12-13 04:26:00
PAY00961,AUC00961,USER01875,USER01860,59126.0,card,completed,2025-12-20 21:46:00
PAY00962,AUC00962,USER01421,USER02147,16462.0,card,completed,2024-04-16 23:36:00
PAY00963,AUC00963,USER00406,USER02405,40260.0,UPI,completed,2023-11-30 20:26:00
PAY00965,AUC00965,USER01845,USER02938,60043.0,card,completed,2025-12-19 03:57:00
PAY00967,AUC00967,USER01883,USER01036,34172.0,card,completed,2025-09-23 21:16:00
PAY00968,AUC00968,USER02853,USER01772,69237.0,UPI,pending,2023-09-21 15:42:00
PAY00969,AUC00969,USER01810,USER02581,31065.0,UPI,completed,2025-06-02 15:05:00
PAY00970,AUC00970,USER00368,USER02550,78119.0,wallet,completed,2024-07-18 15:32:00
PAY00973,AUC00973,USER02479,USER00426,0,UPI,failed,2024-07-12 19:14:00
PAY00974,AUC00974,USER02963,USER00498,2292.0,card,completed,2025-03-03 16:23:00
PAY00975,AUC00975,USER00151,USER00801,0,UPI,failed,2022-08-04 19:57:00
PAY00976,AUC00976,USER01203,USER00916,65166.0,UPI,pending,2023-06-05 13:04:00
PAY00977,AUC00977,USER00245,USER00063,0,wallet,failed,2022-07-17 02:43:00
PAY00980,AUC00980,USER00909,USER02314,86089.0,card,completed,2023-04-24 23:36:00
PAY00981,AUC00981,USER01360,USER01703,18737.0,UPI,completed,2024-12-22 23:56:00
PAY00983,AUC00983,USER00720,USER00095,22903.0,wallet,pending,2023-11-18 20:46:00
PAY00986,AUC00986,USER02866,USER00289,59945.0,card,completed,2024-09-18 17:22:00
PAY00987,AUC00987,USER02391,USER01961,50643.0,wallet,completed,2024-06-11 03:35:00
PAY00989,AUC00989,USER00469,USER00509,54714.0,wallet,pending,2025-09-01 06:20:00
PAY00991,AUC00991,USER01694,USER00936,5713.0,wallet,completed,2023-03-09 01:54:00
PAY00992,AUC00992,USER01639,USER00468,53408.0,wallet,completed,2025-09-15 03:09:00
PAY00993,AUC00993,USER01106,USER00409,70144.0,card,completed,2022-07-17 05:41:00
PAY00994,AUC00994,USER02441,USER00628,7178.0,wallet,completed,2025-03-01 01:05:00
PAY00996,AUC00996,USER02676,USER01983,87048.0,card,completed,2025-02-28 02:45:00
PAY00997,AUC00997,USER02408,USER00502,63587.0,card,completed,2023-01-13 22:45:00
PAY00998,AUC00998,USER02801,USER00858,56425.0,wallet,completed,2024-09-23 08:11:00
PAY00999,AUC00999,USER01718,USER02963,14208.0,card,pending,2022-01-16 05:30:00
PAY01000,AUC01000,USER01116,USER01438,7290.0,wallet,completed,2022-02-15 05:03:00
PAY01001,AUC01001,USER01210,USER00168,31552.0,wallet,completed,2024-06-01 04:28:00
PAY01002,AUC01002,USER00332,USER01736,83317.0,card,completed,2025-08-30 11:06:00
PAY01003,AUC01003,USER01541,USER00111,17171.0,card,completed,2025-03-09 23:59:00
PAY01006,AUC01006,USER01165,USER01148,10372.0,UPI,completed,2024-11-08 21:51:00
PAY01010,AUC01010,USER00015,USER00562,2547.0,wallet,completed,2024-05-28 12:43:00
PAY01011,AUC01011,USER02372,USER02763,42526.0,wallet,completed,2023-03-18 21:09:00
PAY01014,AUC01014,USER00716,USER01923,37208.0,wallet,completed,2023-08-09 13:34:00
PAY01019,AUC01019,USER01876,USER02427,31076.0,wallet,completed,2022-04-16 22:26:00
PAY01021,AUC01021,USER02781,USER00248,24265.0,wallet,completed,2023-06-07 20:39:00
PAY01022,AUC01022,USER00129,USER01129,61684.0,card,pending,2022-09-25 02:53:00
PAY01023,AUC01023,USER00922,USER00217,0,UPI,failed,2024-03-21 01:11:00
PAY01024,AUC01024,USER01991,USER01295,0,card,failed,2022-12-30 23:25:00
PAY01025,AUC01025,USER00668,USER00996,53161.0,UPI,completed,2025-05-03 03:33:00
PAY01028,AUC01028,USER02704,USER01957,78038.0,wallet,completed,2024-01-28 09:27:00
PAY01030,AUC01030,USER00963,USER01455,66499.0,UPI,pending,2025-02-15 01:39:00
PAY01031,AUC01031,USER02816,USER00686,11201.0,UPI,completed,2025-07-22 21:04:00
PAY01032,AUC01032,USER01496,USER02029,0,UPI,failed,2022-05-20 15:30:00
PAY01034,AUC01034,USER01919,USER00128,63091.0,wallet,completed,2024-06-20 01:07:00
PAY01035,AUC01035,USER02820,USER02166,33341.0,card,completed,2022-07-15 13:53:00
PAY01038,AUC01038,USER00651,USER02000,60998.0,card,pending,2024-04-10 04:32:00
PAY01041,AUC01041,USER02152,USER00785,36416.0,wallet,completed,2022-01-22 03:27:00
PAY01044,AUC01044,USER01506,USER01869,63302.0,card,completed,2022-10-08 18:32:00
PAY01045,AUC01045,USER01881,USER01090,28620.0,wallet,completed,2024-12-15 08:20:00
PAY01046,AUC01046,USER00674,USER02737,21176.0,UPI,completed,2023-05-10 20:45:00
PAY01047,AUC01047,USER00591,USER00700,7528.0,UPI,completed,2025-10-08 00:34:00
PAY01049,AUC01049,USER00773,USER00804,69169.0,wallet,completed,2022-01-05 16:39:00
PAY01050,AUC01050,USER00410,USER02397,97555.0,wallet,completed,2023-10-28 05:29:00
PAY01052,AUC01052,USER00276,USER01919,45539.0,card,completed,2025-06-05 21:50:00
PAY01053,AUC01053,USER01938,USER01802,20856.0,UPI,completed,2022-08-09 00:49:00
PAY01057,AUC01057,USER01793,USER02949,25992.0,UPI,completed,2025-06-15 13:56:00
PAY01059,AUC01059,USER01300,USER02438,53501.0,UPI,completed,2024-04-24 04:19:00
PAY01060,AUC01060,USER00696,USER01896,10507.0,card,completed,2022-07-01 17:01:00
PAY01061,AUC01061,USER01327,USER02554,0,card,failed,2025-02-06 07:46:00
PAY01064,AUC01064,USER00529,USER00289,59075.0,wallet,completed,2023-02-03 00:49:00
PAY01066,AUC01066,USER02555,USER01960,83729.0,UPI,pending,2024-11-08 11:29:00
PAY01068,AUC01068,USER00649,USER01644,14627.0,UPI,completed,2022-08-25 03:00:00
PAY01069,AUC01069,USER01741,USER02416,9819.0,card,completed,2024-03-28 11:16:00
PAY01070,AUC01070,USER00839,USER02894,15076.0,wallet,completed,2025-10-06 16:59:00
PAY01071,AUC01071,USER02384,USER01774,23072.0,UPI,completed,2022-01-20 00:39:00
PAY01073,AUC01073,USER02174,USER02000,28389.0,UPI,completed,2023-03-31 02:16:00
PAY01074,AUC01074,USER01605,USER00879,16219.0,wallet,completed,2023-12-20 09:21:00
PAY01076,AUC01076,USER01244,USER02087,51007.0,wallet,completed,2024-11-12 17:11:00
PAY01077,AUC01077,USER01135,USER01822,22137.0,card,completed,2025-07-20 14:55:00
PAY01078,AUC01078,USER02296,USER02127,40968.0,wallet,completed,2023-08-06 19:52:00
PAY01079,AUC01079,USER00138,USER02523,93794.0,UPI,completed,2023-10-15 09:16:00
PAY01080,AUC01080,USER02961,USER01629,71799.0,UPI,completed,2023-08-27 05:35:00
PAY01082,AUC01082,USER00312,USER00104,32437.0,UPI,completed,2025-04-21 16:30:00
PAY01084,AUC01084,USER01213,USER00252,0,wallet,failed,2025-01-05 11:55:00
PAY01085,AUC01085,USER02274,USER02083,0,card,failed,2025-11-24 09:00:00
PAY01088,AUC01088,USER00560,USER00253,11662.0,card,completed,2023-06-28 02:04:00
PAY01091,AUC01091,USER01881,USER00616,99375.0,UPI,completed,2023-12-19 16:59:00
PAY01092,AUC01092,USER01415,USER02837,18164.0,UPI,completed,2022-11-02 06:24:00
PAY01094,AUC01094,USER02813,USER01824,69000.0,wallet,completed,2023-04-15 15:43:00
PAY01095,AUC01095,USER01811,USER02721,4357.0,UPI,completed,2023-12-31 08:02:00
PAY01096,AUC01096,USER02653,USER00247,94333.0,card,completed,2025-10-25 03:55:00
PAY01097,AUC01097,USER02071,USER01643,27838.0,card,completed,2024-12-04 12:43:00
PAY01098,AUC01098,USER02969,USER02823,43605.0,UPI,completed,2025-12-30 13:21:00
PAY01099,AUC01099,USER01931,USER02197,0,UPI,failed,2023-07-19 07:17:00
PAY01100,AUC01100,USER02625,USER00843,22245.0,card,completed,2022-07-27 23:38:00
PAY01101,AUC01101,USER01750,USER00485,44427.0,UPI,completed,2024-01-18 17:27:00
PAY01102,AUC01102,USER02213,USER00016,4263.0,wallet,completed,2022-04-06 15:53:00
PAY01103,AUC01103,USER02724,USER02431,7421.0,wallet,pending,2024-08-26 01:38:00
PAY01105,AUC01105,USER01297,USER00915,0,wallet,failed,2024-03-24 11:54:00
PAY01107,AUC01107,USER02035,USER02415,0,card,failed,2022-12-24 00:31:00
PAY01109,AUC01109,USER02429,USER00105,11713.0,UPI,completed,2025-09-22 08:12:00
PAY01110,AUC01110,USER02354,USER00389,5427.0,card,pending,2025-07-27 08:03:00
PAY01113,AUC01113,USER02595,USER01412,26207.0,UPI,pending,2022-01-23 13:00:00
PAY01116,AUC01116,USER02567,USER02498,11455.0,card,completed,2024-12-24 18:31:00
PAY01118,AUC01118,USER02366,USER02267,0,wallet,failed,2022-07-09 07:33:00
PAY01123,AUC01123,USER00274,USER02513,81226.0,card,completed,2024-11-13 01:29:00
PAY01124,AUC01124,USER01092,USER02257,25944.0,wallet,pending,2025-06-23 01:50:00
PAY01126,AUC01126,USER00795,USER01929,66815.0,card,pending,2024-01-08 03:03:00
PAY01127,AUC01127,USER00488,USER01584,39204.0,card,completed,2022-07-26 00:07:00
PAY01128,AUC01128,USER02205,USER01661,0,wallet,failed,2022-05-28 09:50:00
PAY01129,AUC01129,USER02002,USER02152,63613.0,card,completed,2024-05-11 02:00:00
PAY01133,AUC01133,USER02935,USER01505,71461.0,UPI,completed,2022-11-28 12:07:00
PAY01135,AUC01135,USER02308,USER01416,77449.0,card,completed,2023-01-09 14:27:00
PAY01137,AUC01137,USER02982,USER01037,19633.0,card,completed,2022-03-10 00:16:00
PAY01138,AUC01138,USER02281,USER01558,0,wallet,failed,2025-02-04 23:42:00
PAY01140,AUC01140,USER00895,USER02297,0,card,failed,2025-07-28 17:41:00
PAY01141,AUC01141,USER00228,USER02148,76725.0,UPI,completed,2023-10-02 02:36:00
PAY01143,AUC01143,USER00552,USER02654,55731.0,UPI,completed,2024-10-16 20:53:00
PAY01145,AUC01145,USER01271,USER01413,1949.0,UPI,completed,2024-03-09 17:09:00
PAY01149,AUC01149,USER01219,USER00050,65515.0,wallet,completed,2024-06-16 16:03:00
PAY01152,AUC01152,USER00213,USER01256,0,wallet,failed,2024-01-25 10:15:00
PAY01153,AUC01153,USER01808,USER00217,56597.0,UPI,completed,2025-11-13 07:57:00
PAY01154,AUC01154,USER02597,USER01148,10915.0,card,completed,2023-01-20 22:53:00
PAY01155,AUC01155,USER00759,USER01055,61378.0,card,pending,2025-02-14 03:26:00
PAY01157,AUC01157,USER01717,USER00126,27197.0,UPI,completed,2024-12-12 02:33:00
PAY01158,AUC01158,USER02709,USER00182,77012.0,card,completed,2022-11-09 16:09:00
PAY01160,AUC01160,USER02403,USER01146,85960.0,wallet,completed,2022-10-05 07:00:00
PAY01164,AUC01164,USER00560,USER02685,46104.0,wallet,completed,2022-08-11 21:44:00
PAY01166,AUC01166,USER00943,USER01032,36084.0,UPI,completed,2023-04-06 14:01:00
PAY01167,AUC01167,USER00317,USER01852,53687.0,wallet,pending,2025-09-21 16:34:00
PAY01168,AUC01168,USER02853,USER01282,17519.0,card,completed,2025-09-21 00:39:00
PAY01169,AUC01169,USER00640,USER02045,82975.0,wallet,completed,2025-08-01 04:57:00
PAY01170,AUC01170,USER02923,USER00456,2888.0,UPI,completed,2023-07-20 06:47:00
PAY01174,AUC01174,USER00195,USER01596,76158.0,wallet,completed,2024-07-21 01:03:00
PAY01175,AUC01175,USER00154,USER00009,81083.0,UPI,completed,2025-02-22 05:57:00
PAY01179,AUC01179,USER01440,USER00856,11912.0,UPI,completed,2022-02-18 21:49:00
PAY01180,AUC01180,USER02072,USER00052,48357.0,wallet,completed,2023-06-10 19:10:00
PAY01182,AUC01182,USER02391,USER02154,41099.0,card,completed,2023-10-28 04:23:00
PAY01183,AUC01183,USER00283,USER01907,56647.0,UPI,completed,2025-07-19 11:15:00
PAY01184,AUC01184,USER01490,USER00892,20702.0,card,completed,2023-04-22 16:20:00
PAY01185,AUC01185,USER00051,USER00106,10468.0,wallet,completed,2024-07-09 08:31:00
PAY01186,AUC01186,USER02313,USER00411,61185.0,wallet,completed,2022-06-14 00:08:00
PAY01189,AUC01189,USER02789,USER02367,70806.0,card,completed,2024-02-20 10:53:00
PAY01190,AUC01190,USER00386,USER01990,9106.0,wallet,completed,2024-06-12 04:33:00
PAY01191,AUC01191,USER02822,USER02257,0,UPI,failed,2023-12-12 10:50:00
PAY01193,AUC01193,USER02989,USER00441,88962.0,wallet,completed,2024-02-04 22:35:00
PAY01194,AUC01194,USER01816,USER00009,40849.0,wallet,completed,2024-06-07 15:34:00
PAY01200,AUC01200,USER00308,USER01271,99116.0,UPI,completed,2024-10-02 19:42:00
PAY01202,AUC01202,USER00602,USER01899,50039.0,UPI,completed,2024-06-11 07:43:00
PAY01203,AUC01203,USER01996,USER00609,6104.0,UPI,completed,2022-11-07 12:21:00
PAY01204,AUC01204,USER00758,USER00409,99196.0,UPI,completed,2024-12-27 17:39:00
PAY01205,AUC01205,USER01762,USER00166,0,wallet,failed,2022-07-23 00:00:00
PAY01212,AUC01212,USER00638,USER00442,0,UPI,failed,2023-08-26 16:09:00
PAY01213,AUC01213,USER01807,USER00596,53631.0,card,completed,2024-03-18 12:35:00
PAY01215,AUC01215,USER01065,USER01362,25200.0,card,pending,2025-06-28 14:57:00
PAY01216,AUC01216,USER01883,USER00056,0,card,failed,2024-06-29 02:07:00
PAY01217,AUC01217,USER02954,USER02143,17072.0,card,completed,2024-03-27 18:18:00
PAY01218,AUC01218,USER01682,USER00627,53227.0,UPI,completed,2023-11-23 12:57:00
PAY01219,AUC01219,USER00999,USER00765,33245.0,wallet,completed,2023-01-22 16:13:00
PAY01223,AUC01223,USER01301,USER00123,91549.0,UPI,completed,2025-11-03 10:26:00
PAY01224,AUC01224,USER01905,USER00818,0,UPI,failed,2023-10-11 10:40:00
PAY01225,AUC01225,USER00280,USER02398,53244.0,card,completed,2023-03-18 18:30:00
PAY01229,AUC01229,USER01482,USER01527,36313.0,card,completed,2023-09-28 06:03:00
PAY01230,AUC01230,USER00086,USER01647,26725.0,UPI,completed,2025-11-02 06:36:00
PAY01231,AUC01231,USER00515,USER01851,75537.0,UPI,completed,2022-10-04 13:38:00
PAY01232,AUC01232,USER02963,USER00149,0,card,failed,2024-09-23 03:49:00
PAY01234,AUC01234,USER01108,USER00763,78235.0,UPI,completed,2023-03-31 07:07:00
PAY01235,AUC01235,USER00560,USER01455,97922.0,card,completed,2024-07-22 22:54:00
PAY01239,AUC01239,USER02951,USER01509,50396.0,UPI,completed,2023-11-29 08:18:00
PAY01242,AUC01242,USER01257,USER01899,9776.0,card,pending,2025-09-10 16:24:00
PAY01243,AUC01243,USER01875,USER02128,0,wallet,failed,2024-04-27 23:48:00
PAY01245,AUC01245,USER01981,USER00822,31350.0,wallet,completed,2023-06-27 05:45:00
PAY01246,AUC01246,USER01660,USER00009,89579.0,card,completed,2022-12-30 07:11:00
PAY01247,AUC01247,USER01350,USER00597,77761.0,UPI,completed,2025-05-01 19:44:00
PAY01248,AUC01248,USER00504,USER02179,25780.0,wallet,completed,2024-06-23 10:26:00
PAY01249,AUC01249,USER00423,USER01663,96872.0,UPI,pending,2022-09-12 20:27:00
PAY01251,AUC01251,USER01717,USER02654,8346.0,wallet,completed,2023-09-30 03:38:00
PAY01252,AUC01252,USER02173,USER00710,66996.0,UPI,completed,2022-09-14 18:42:00
PAY01254,AUC01254,USER00866,USER00915,15498.0,UPI,completed,2025-11-18 18:04:00
PAY01255,AUC01255,USER02242,USER01656,28047.0,wallet,completed,2024-11-28 03:56:00
PAY01257,AUC01257,USER00024,USER01523,18080.0,UPI,completed,2022-03-18 13:12:00
PAY01258,AUC01258,USER02179,USER02382,67706.0,UPI,completed,2025-03-10 07:58:00
PAY01260,AUC01260,USER00766,USER00249,0,UPI,failed,2025-05-18 14:21:00
PAY01261,AUC01261,USER02559,USER02125,85122.0,card,completed,2025-01-12 10:47:00
PAY01263,AUC01263,USER00887,USER01978,80370.0,card,completed,2025-03-01 15:35:00
PAY01265,AUC01265,USER00261,USER01941,41508.0,card,completed,2023-11-18 08:23:00
PAY01268,AUC01268,USER02273,USER01129,24669.0,UPI,completed,2022-08-07 06:18:00
PAY01270,AUC01270,USER02080,USER00856,7197.0,wallet,completed,2024-06-25 00:54:00
PAY01271,AUC01271,USER01007,USER02085,25615.0,card,completed,2024-12-26 09:27:00
PAY01273,AUC01273,USER00217,USER02383,12145.0,wallet,completed,2025-11-30 17:12:00
PAY01276,AUC01276,USER01272,USER01163,0,wallet,failed,2024-08-19 01:35:00
PAY01278,AUC01278,USER00763,USER00596,46303.0,UPI,completed,2025-05-14 17:04:00
PAY01279,AUC01279,USER02326,USER02503,1163.0,wallet,completed,2025-04-06 15:17:00
PAY01280,AUC01280,USER00683,USER01896,80337.0,UPI,completed,2022-05-11 10:34:00
PAY01282,AUC01282,USER00606,USER01876,49641.0,card,completed,2025-12-23 09:07:00
PAY01283,AUC01283,USER01359,USER00971,32677.0,UPI,pending,2023-08-04 05:21:00
PAY01285,AUC01285,USER02674,USER01611,17123.0,wallet,pending,2024-05-12 07:43:00
PAY01286,AUC01286,USER02034,USER02327,21633.0,wallet,completed,2024-11-13 21:56:00
PAY01288,AUC01288,USER00279,USER00358,87876.0,UPI,completed,2025-02-12 02:40:00
PAY01289,AUC01289,USER02981,USER01977,25291.0,card,completed,2022-06-04 15:26:00
PAY01290,AUC01290,USER01159,USER00180,56003.0,wallet,completed,2023-12-03 15:06:00
PAY01291,AUC01291,USER02815,USER02206,98345.0,UPI,completed,2023-05-01 15:03:00
PAY01292,AUC01292,USER01215,USER00861,34880.0,card,completed,2022-08-22 16:49:00
PAY01293,AUC01293,USER00587,USER00504,92242.0,UPI,completed,2023-11-01 02:30:00
PAY01294,AUC01294,USER00156,USER02002,83145.0,card,completed,2025-07-26 02:23:00
PAY01296,AUC01296,USER01820,USER01620,57195.0,UPI,completed,2024-01-12 06:19:00
PAY01297,AUC01297,USER02731,USER01703,7227.0,wallet,completed,2025-03-23 13:07:00
PAY01299,AUC01299,USER01723,USER01392,42376.0,card,completed,2025-11-04 12:36:00
PAY01300,AUC01300,USER02167,USER02205,66419.0,card,completed,2022-05-15 23:30:00
PAY01303,AUC01303,USER00811,USER01645,89247.0,card,completed,2022-06-03 00:20:00
PAY01307,AUC01307,USER02670,USER01185,0,UPI,failed,2023-10-02 19:41:00
PAY01308,AUC01308,USER00435,USER01772,38742.0,UPI,completed,2022-06-06 13:58:00
PAY01309,AUC01309,USER00578,USER00169,85885.0,UPI,completed,2022-06-04 03:36:00
PAY01310,AUC01310,USER02156,USER02269,95903.0,UPI,completed,2022-07-24 09:41:00
PAY01311,AUC01311,USER01094,USER00417,35044.0,card,pending,2022-08-07 22:00:00
PAY01313,AUC01313,USER00486,USER01244,1704.0,wallet,completed,2025-06-10 04:53:00
PAY01317,AUC01317,USER00951,USER00288,93009.0,UPI,completed,2026-01-02 12:54:00
PAY01318,AUC01318,USER01019,USER02572,7605.0,card,completed,2022-12-31 02:03:00
PAY01319,AUC01319,USER00656,USER02507,36132.0,UPI,completed,2024-06-18 06:45:00
PAY01320,AUC01320,USER02106,USER01875,0,UPI,failed,2025-08-08 20:19:00
PAY01321,AUC01321,USER02747,USER01709,10086.0,wallet,pending,2023-04-27 08:02:00
PAY01325,AUC01325,USER01325,USER02106,59393.0,UPI,pending,2022-06-18 10:09:00
PAY01326,AUC01326,USER00503,USER00737,0,UPI,failed,2022-12-13 05:35:00
PAY01327,AUC01327,USER02206,USER00153,62100.0,UPI,pending,2024-03-08 18:36:00
PAY01328,AUC01328,USER00526,USER01765,97961.0,UPI,completed,2025-03-05 04:12:00
PAY01329,AUC01329,USER02924,USER02379,60484.0,wallet,completed,2022-05-01 11:21:00
PAY01330,AUC01330,USER01490,USER00936,42309.0,wallet,completed,2025-07-12 05:29:00
PAY01331,AUC01331,USER01990,USER00052,72902.0,card,completed,2024-02-26 22:20:00
PAY01333,AUC01333,USER01707,USER01415,11702.0,UPI,completed,2025-09-16 21:15:00
PAY01334,AUC01334,USER02786,USER00180,13017.0,wallet,completed,2022-03-18 20:06:00
PAY01336,AUC01336,USER01285,USER02572,0,wallet,failed,2023-08-31 08:09:00
PAY01337,AUC01337,USER01269,USER00842,0,wallet,failed,2024-05-05 21:05:00
PAY01338,AUC01338,USER02224,USER02109,0,wallet,failed,2025-11-20 02:14:00
PAY01339,AUC01339,USER02093,USER00891,0,card,failed,2022-07-03 18:46:00
PAY01341,AUC01341,USER02615,USER00822,97603.0,wallet,completed,2023-05-30 15:11:00
PAY01342,AUC01342,USER01381,USER02978,48991.0,card,completed,2023-12-10 14:26:00
PAY01343,AUC01343,USER01160,USER01867,25103.0,UPI,completed,2022-12-09 05:18:00
PAY01344,AUC01344,USER00798,USER01992,15901.0,card,completed,2023-07-19 20:32:00
PAY01345,AUC01345,USER02051,USER01957,93636.0,card,pending,2024-11-22 22:02:00
PAY01347,AUC01347,USER02700,USER00756,10298.0,UPI,completed,2022-01-10 15:16:00
PAY01349,AUC01349,USER00315,USER01573,69177.0,wallet,completed,2024-09-18 04:44:00
PAY01351,AUC01351,USER01156,USER02307,9846.0,card,completed,2024-04-20 13:31:00
PAY01353,AUC01353,USER00446,USER01277,51917.0,UPI,pending,2024-03-18 02:55:00
PAY01354,AUC01354,USER02873,USER00620,51032.0,wallet,completed,2023-12-05 14:21:00
PAY01355,AUC01355,USER01635,USER01339,99319.0,card,completed,2022-04-09 19:51:00
PAY01356,AUC01356,USER00678,USER02138,33188.0,wallet,completed,2024-03-04 10:45:00
PAY01357,AUC01357,USER01710,USER00230,39680.0,wallet,completed,2024-03-04 20:35:00
PAY01361,AUC01361,USER00081,USER02399,0,wallet,failed,2025-08-26 00:43:00
PAY01362,AUC01362,USER01896,USER01909,87516.0,UPI,pending,2023-05-28 01:32:00
PAY01364,AUC01364,USER00484,USER00247,47441.0,wallet,completed,2023-10-10 09:46:00
PAY01367,AUC01367,USER02362,USER01842,24269.0,card,completed,2025-07-01 03:58:00
PAY01368,AUC01368,USER00523,USER00754,92726.0,card,completed,2025-04-30 21:58:00
PAY01369,AUC01369,USER02896,USER01110,27944.0,card,completed,2022-12-04 19:18:00
PAY01370,AUC01370,USER00009,USER00166,0,wallet,failed,2023-03-05 14:54:00
PAY01374,AUC01374,USER00968,USER00105,62731.0,wallet,completed,2023-09-21 07:48:00
PAY01375,AUC01375,USER01068,USER02963,13122.0,UPI,completed,2022-06-06 18:52:00
PAY01377,AUC01377,USER02721,USER02051,0,card,failed,2025-09-15 08:22:00
PAY01379,AUC01379,USER00919,USER01927,14021.0,wallet,completed,2023-10-20 01:51:00
PAY01380,AUC01380,USER02638,USER02958,64704.0,UPI,completed,2022-04-30 16:16:00
PAY01386,AUC01386,USER02818,USER01108,77110.0,wallet,completed,2025-02-05 14:14:00
PAY01387,AUC01387,USER02964,USER01327,70300.0,wallet,completed,2024-07-14 18:23:00
PAY01388,AUC01388,USER00935,USER01284,91608.0,UPI,completed,2025-11-11 17:44:00
PAY01389,AUC01389,USER02376,USER00839,62319.0,UPI,completed,2025-06-24 10:48:00
PAY01392,AUC01392,USER01498,USER02638,52817.0,wallet,pending,2024-11-25 10:56:00
PAY01394,AUC01394,USER00737,USER02498,0,UPI,failed,2025-01-01 12:45:00
PAY01395,AUC01395,USER01748,USER01901,50308.0,UPI,completed,2023-06-08 18:42:00
PAY01397,AUC01397,USER00507,USER02995,64592.0,UPI,completed,2025-08-21 13:06:00
PAY01400,AUC01400,USER00387,USER02262,46368.0,UPI,completed,2024-06-27 17:31:00
PAY01402,AUC01402,USER02350,USER02673,1256.0,UPI,pending,2023-07-25 16:20:00
PAY01404,AUC01404,USER00487,USER00289,44878.0,UPI,completed,2022-12-13 03:11:00
PAY01405,AUC01405,USER00338,USER01655,36414.0,UPI,pending,2023-03-06 09:16:00
PAY01406,AUC01406,USER01514,USER00514,82210.0,UPI,completed,2024-05-01 16:24:00
PAY01407,AUC01407,USER01018,USER01619,66976.0,wallet,completed,2024-08-24 01:31:00
PAY01409,AUC01409,USER00410,USER01684,51174.0,UPI,completed,2023-05-07 08:07:00
PAY01411,AUC01411,USER02962,USER01620,9800.0,wallet,completed,2022-03-21 14:16:00
PAY01413,AUC01413,USER00806,USER02128,60185.0,wallet,completed,2024-03-12 09:21:00
PAY01415,AUC01415,USER01239,USER01745,99530.0,UPI,pending,2022-07-31 09:16:00
PAY01419,AUC01419,USER02244,USER00609,54264.0,wallet,pending,2025-10-31 18:17:00
PAY01420,AUC01420,USER01243,USER01643,45330.0,UPI,completed,2025-08-07 14:20:00
PAY01421,AUC01421,USER00793,USER00209,47756.0,wallet,completed,2025-06-04 10:23:00
PAY01423,AUC01423,USER00761,USER02937,52139.0,UPI,pending,2024-11-24 17:52:00
PAY01424,AUC01424,USER02968,USER01009,28196.0,wallet,completed,2022-02-24 02:38:00
PAY01425,AUC01425,USER01904,USER00248,42546.0,UPI,completed,2023-11-20 19:25:00
PAY01426,AUC01426,USER01873,USER01979,87671.0,UPI,completed,2025-05-23 15:25:00
PAY01427,AUC01427,USER00657,USER00806,41436.0,wallet,completed,2024-06-14 03:46:00
PAY01429,AUC01429,USER01709,USER00259,78460.0,UPI,completed,2022-05-01 09:51:00
PAY01431,AUC01431,USER00740,USER00796,72600.0,card,completed,2023-05-12 22:59:00
PAY01432,AUC01432,USER02379,USER02187,37975.0,card,completed,2023-08-27 13:56:00
PAY01433,AUC01433,USER01174,USER00363,74011.0,wallet,completed,2024-09-18 22:11:00
PAY01434,AUC01434,USER01538,USER00514,0,card,failed,2023-06-06 16:11:00
PAY01435,AUC01435,USER01191,USER00043,22380.0,UPI,completed,2024-05-20 16:01:00
PAY01440,AUC01440,USER00625,USER00137,46521.0,wallet,completed,2025-11-18 04:40:00
PAY01441,AUC01441,USER02132,USER00916,99716.0,wallet,completed,2023-09-05 15:30:00
PAY01442,AUC01442,USER01149,USER01655,99399.0,wallet,completed,2025-07-27 17:57:00
PAY01443,AUC01443,USER02178,USER00692,93017.0,card,completed,2022-02-26 02:03:00
PAY01444,AUC01444,USER02565,USER01446,6094.0,card,pending,2024-08-04 23:32:00
PAY01445,AUC01445,USER02228,USER01284,19439.0,wallet,completed,2022-05-30 18:16:00
PAY01446,AUC01446,USER00094,USER01927,39875.0,wallet,completed,2022-01-06 13:47:00
PAY01447,AUC01447,USER01055,USER02087,27755.0,UPI,pending,2024-04-28 06:53:00
PAY01450,AUC01450,USER02275,USER01171,7525.0,UPI,completed,2022-02-06 00:54:00
PAY01451,AUC01451,USER00754,USER00970,3608.0,card,completed,2023-07-07 12:26:00
PAY01452,AUC01452,USER02831,USER01450,80132.0,wallet,completed,2023-01-18 18:34:00
PAY01453,AUC01453,USER00095,USER01446,74231.0,wallet,pending,2026-01-01 03:27:00
PAY01456,AUC01456,USER02667,USER02458,57727.0,card,completed,2023-07-27 13:01:00
PAY01457,AUC01457,USER00189,USER01115,70310.0,card,completed,2023-07-10 18:40:00
PAY01458,AUC01458,USER02095,USER02753,0,wallet,failed,2024-07-08 19:46:00
PAY01463,AUC01463,USER01829,USER02005,0,UPI,failed,2024-01-02 17:05:00
PAY01464,AUC01464,USER00341,USER01972,8625.0,wallet,completed,2024-11-18 17:57:00
PAY01466,AUC01466,USER00166,USER02094,55317.0,UPI,completed,2023-09-20 03:29:00
PAY01467,AUC01467,USER00870,USER02026,78780.0,UPI,completed,2023-03-04 12:26:00
PAY01468,AUC01468,USER00369,USER00840,28533.0,card,completed,2023-03-10 09:59:00
PAY01472,AUC01472,USER00630,USER01007,78428.0,card,completed,2023-03-28 02:23:00
PAY01473,AUC01473,USER01259,USER02953,0,UPI,failed,2022-12-13 11:28:00
PAY01475,AUC01475,USER01162,USER02606,14551.0,card,completed,2025-04-01 20:12:00
PAY01476,AUC01476,USER02168,USER02084,0,wallet,failed,2024-08-31 14:29:00
PAY01477,AUC01477,USER02246,USER01684,82870.0,wallet,completed,2022-04-04 09:03:00
PAY01478,AUC01478,USER02458,USER00463,45951.0,wallet,completed,2022-07-01 01:40:00
PAY01479,AUC01479,USER01263,USER01558,82663.0,card,completed,2025-02-01 15:17:00
PAY01480,AUC01480,USER01685,USER01108,90863.0,UPI,completed,2024-04-24 12:28:00
PAY01481,AUC01481,USER02257,USER00168,42876.0,card,completed,2024-11-18 08:42:00
PAY01482,AUC01482,USER00335,USER02687,55375.0,UPI,completed,2025-09-03 17:23:00
PAY01483,AUC01483,USER02570,USER00363,12372.0,UPI,completed,2022-01-18 12:58:00
PAY01486,AUC01486,USER02821,USER01941,0,wallet,failed,2025-11-22 05:12:00
PAY01487,AUC01487,USER01162,USER01534,76909.0,UPI,completed,2025-10-13 00:37:00
PAY01488,AUC01488,USER02982,USER00672,30930.0,card,completed,2022-01-12 21:44:00
PAY01489,AUC01489,USER01662,USER02427,97063.0,wallet,completed,2024-09-05 01:09:00
PAY01490,AUC01490,USER02924,USER00819,5314.0,UPI,pending,2026-01-04 01:09:00
PAY01492,AUC01492,USER02495,USER00095,36322.0,wallet,pending,2025-10-23 02:20:00
PAY01493,AUC01493,USER02095,USER01059,43580.0,wallet,completed,2022-06-20 04:41:00
PAY01494,AUC01494,USER01396,USER02264,30392.0,UPI,completed,2023-11-08 05:57:00
PAY01496,AUC01496,USER02800,USER01104,18199.0,UPI,completed,2024-11-09 02:30:00
PAY01499,AUC01499,USER02000,USER01168,63982.0,UPI,completed,2024-01-03 15:02:00
PAY01500,AUC01500,USER02452,USER01826,40770.0,UPI,pending,2022-09-25 20:16:00
PAY01503,AUC01503,USER02069,USER00788,24823.0,UPI,completed,2023-12-06 18:36:00
PAY01504,AUC01504,USER01012,USER00111,90560.0,UPI,completed,2023-02-19 00:32:00
PAY01507,AUC01507,USER00955,USER02262,12669.0,card,completed,2022-02-12 10:22:00
PAY01508,AUC01508,USER02567,USER00094,78872.0,card,completed,2025-04-03 19:17:00
PAY01510,AUC01510,USER01669,USER02977,17681.0,wallet,pending,2023-12-06 00:44:00
PAY01511,AUC01511,USER02713,USER02154,0,UPI,failed,2023-05-17 19:28:00
PAY01513,AUC01513,USER02995,USER00687,27266.0,UPI,pending,2024-10-18 23:47:00
PAY01516,AUC01516,USER01308,USER00156,2933.0,wallet,completed,2022-07-26 17:59:00
PAY01517,AUC01517,USER00750,USER00357,50396.0,wallet,completed,2024-11-08 04:22:00
PAY01518,AUC01518,USER01405,USER00730,23473.0,card,completed,2024-02-28 09:52:00
PAY01520,AUC01520,USER02041,USER00946,67145.0,UPI,completed,2024-05-12 03:39:00
PAY01522,AUC01522,USER01039,USER00843,95041.0,UPI,completed,2024-01-25 18:45:00
PAY01528,AUC01528,USER00851,USER02351,93836.0,UPI,completed,2023-01-21 00:29:00
PAY01529,AUC01529,USER00143,USER02840,10442.0,card,completed,2024-08-03 06:32:00
PAY01530,AUC01530,USER00081,USER02697,7600.0,UPI,completed,2023-03-06 23:17:00
PAY01531,AUC01531,USER00942,USER00964,0,card,failed,2022-02-05 09:06:00
PAY01533,AUC01533,USER01544,USER02282,70367.0,wallet,completed,2025-06-19 17:23:00
PAY01535,AUC01535,USER01374,USER01589,76678.0,card,completed,2024-09-22 00:34:00
PAY01536,AUC01536,USER02892,USER00493,0,wallet,failed,2024-03-17 14:17:00
PAY01537,AUC01537,USER02520,USER00169,90303.0,UPI,completed,2022-09-21 15:21:00
PAY01538,AUC01538,USER00332,USER02824,41196.0,wallet,completed,2022-11-02 22:20:00
PAY01539,AUC01539,USER01296,USER00876,47751.0,UPI,completed,2022-05-27 07:13:00
PAY01540,AUC01540,USER01519,USER00577,7801.0,card,completed,2024-05-18 18:29:00
PAY01541,AUC01541,USER01982,USER01852,95761.0,card,completed,2024-03-13 13:42:00
PAY01542,AUC01542,USER01785,USER00058,44411.0,wallet,completed,2024-12-16 02:05:00
PAY01543,AUC01543,USER02954,USER00051,43758.0,UPI,completed,2024-01-21 01:07:00
PAY01544,AUC01544,USER02500,USER01050,99758.0,card,pending,2023-06-04 12:30:00
PAY01545,AUC01545,USER00124,USER00411,90669.0,wallet,completed,2024-07-06 17:32:00
PAY01546,AUC01546,USER00014,USER02600,98318.0,UPI,completed,2025-04-06 18:37:00
PAY01547,AUC01547,USER00551,USER01477,46585.0,wallet,completed,2023-03-11 23:11:00
PAY01548,AUC01548,USER01354,USER02821,3951.0,card,completed,2022-05-28 20:42:00
PAY01550,AUC01550,USER00077,USER00046,5998.0,UPI,completed,2022-07-31 17:36:00
PAY01552,AUC01552,USER02744,USER01574,0,card,failed,2025-05-14 22:16:00
PAY01554,AUC01554,USER00110,USER02402,1304.0,UPI,completed,2023-11-02 14:28:00
PAY01556,AUC01556,USER02192,USER00637,16868.0,UPI,completed,2024-03-31 19:19:00
PAY01557,AUC01557,USER02327,USER00104,3134.0,wallet,completed,2025-08-24 16:16:00
PAY01558,AUC01558,USER02937,USER00306,24584.0,UPI,completed,2023-10-06 14:27:00
PAY01559,AUC01559,USER01644,USER02104,23465.0,UPI,completed,2023-08-24 00:38:00
PAY01560,AUC01560,USER00760,USER00710,86713.0,UPI,completed,2023-06-22 01:44:00
PAY01561,AUC01561,USER01182,USER02025,27112.0,UPI,completed,2024-04-04 21:33:00
PAY01562,AUC01562,USER01108,USER01687,38429.0,card,completed,2025-10-07 12:38:00
PAY01564,AUC01564,USER01572,USER01969,42749.0,wallet,completed,2024-07-12 20:44:00
PAY01570,AUC01570,USER00309,USER02671,20545.0,wallet,completed,2024-10-24 22:02:00
PAY01571,AUC01571,USER00046,USER02727,82168.0,UPI,completed,2024-04-11 04:07:00
PAY01572,AUC01572,USER00431,USER02536,99528.0,UPI,completed,2025-09-29 17:56:00
PAY01575,AUC01575,USER01455,USER00902,90208.0,UPI,pending,2024-12-21 19:00:00
PAY01576,AUC01576,USER01529,USER00185,36752.0,UPI,completed,2023-07-26 14:05:00
PAY01577,AUC01577,USER00538,USER00727,31580.0,card,completed,2023-10-01 21:48:00
PAY01579,AUC01579,USER00341,USER01110,78855.0,wallet,completed,2022-06-06 18:37:00
PAY01580,AUC01580,USER01967,USER00856,47612.0,UPI,completed,2023-04-02 09:49:00
PAY01585,AUC01585,USER02914,USER01648,27633.0,card,completed,2025-02-04 11:49:00
PAY01587,AUC01587,USER02024,USER01218,0,UPI,failed,2025-09-19 23:27:00
PAY01588,AUC01588,USER00585,USER00785,68224.0,UPI,completed,2022-08-20 22:22:00
PAY01589,AUC01589,USER02079,USER00890,93457.0,wallet,completed,2025-07-06 00:00:00
PAY01590,AUC01590,USER01150,USER01660,52061.0,card,completed,2022-02-07 08:25:00
PAY01591,AUC01591,USER01036,USER02243,12942.0,UPI,completed,2024-04-16 02:25:00
PAY01592,AUC01592,USER01625,USER02110,91048.0,wallet,completed,2025-06-26 15:27:00
PAY01595,AUC01595,USER00397,USER00788,99876.0,wallet,completed,2025-06-23 09:19:00
PAY01596,AUC01596,USER00877,USER00551,0,UPI,failed,2023-10-08 09:00:00
PAY01597,AUC01597,USER00171,USER02437,46520.0,wallet,completed,2023-04-04 10:51:00
PAY01598,AUC01598,USER01522,USER02749,25012.0,UPI,completed,2022-03-27 14:34:00
PAY01600,AUC01600,USER02746,USER00371,17292.0,wallet,completed,2023-03-28 21:37:00
PAY01601,AUC01601,USER00057,USER02994,42489.0,wallet,pending,2024-05-07 02:42:00
PAY01603,AUC01603,USER02296,USER02912,72345.0,wallet,completed,2023-07-02 17:52:00
PAY01604,AUC01604,USER01903,USER02425,92947.0,wallet,completed,2023-09-24 00:20:00
PAY01606,AUC01606,USER01062,USER02042,0,wallet,failed,2022-11-04 06:43:00
PAY01610,AUC01610,USER00094,USER00819,36569.0,card,completed,2022-05-05 01:14:00
PAY01611,AUC01611,USER00995,USER02351,48253.0,wallet,completed,2024-01-05 11:57:00
PAY01612,AUC01612,USER01987,USER00964,0,UPI,failed,2023-08-21 12:58:00
PAY01613,AUC01613,USER02032,USER00105,11231.0,card,completed,2024-08-07 22:54:00
PAY01614,AUC01614,USER00818,USER00705,3736.0,UPI,completed,2023-11-10 09:57:00
PAY01616,AUC01616,USER02500,USER00725,24864.0,wallet,completed,2024-10-04 07:44:00
PAY01619,AUC01619,USER00183,USER01480,0,wallet,failed,2024-10-06 05:24:00
PAY01620,AUC01620,USER02322,USER01443,26674.0,card,completed,2025-02-02 11:58:00
PAY01621,AUC01621,USER00579,USER02191,0,wallet,failed,2022-03-21 10:10:00
PAY01623,AUC01623,USER00069,USER02431,37793.0,card,completed,2024-05-07 23:37:00
PAY01625,AUC01625,USER00619,USER00289,86182.0,card,completed,2025-10-28 01:15:00
PAY01626,AUC01626,USER01151,USER02707,76646.0,card,completed,2025-10-30 01:57:00
PAY01627,AUC01627,USER02298,USER00294,0,wallet,failed,2024-11-12 21:45:00
PAY01628,AUC01628,USER00476,USER00413,46759.0,UPI,completed,2025-06-24 01:01:00
PAY01629,AUC01629,USER02670,USER00786,17069.0,card,completed,2022-01-20 16:55:00
PAY01630,AUC01630,USER02831,USER00161,49039.0,card,pending,2025-12-02 01:43:00
PAY01631,AUC01631,USER00959,USER00050,84140.0,wallet,pending,2023-03-11 05:26:00
PAY01633,AUC01633,USER01898,USER02196,22055.0,wallet,completed,2025-05-05 21:46:00
PAY01634,AUC01634,USER02922,USER01192,88504.0,wallet,completed,2022-11-19 18:58:00
PAY01637,AUC01637,USER00336,USER00401,6344.0,card,completed,2023-02-07 11:56:00
PAY01642,AUC01642,USER00621,USER02812,57754.0,card,completed,2023-04-04 22:20:00
PAY01645,AUC01645,USER01027,USER00755,96032.0,wallet,completed,2022-10-05 07:41:00
PAY01646,AUC01646,USER00317,USER02068,25876.0,card,pending,2024-07-29 09:58:00
PAY01647,AUC01647,USER02637,USER00902,31045.0,wallet,completed,2025-02-07 17:09:00
PAY01648,AUC01648,USER01840,USER00747,35993.0,wallet,completed,2023-03-12 08:30:00
PAY01650,AUC01650,USER02920,USER02331,54250.0,card,completed,2023-08-17 11:03:00
PAY01651,AUC01651,USER00570,USER01032,94241.0,UPI,completed,2024-02-26 11:09:00
PAY01652,AUC01652,USER00991,USER00303,59107.0,card,completed,2025-05-26 02:49:00
PAY01653,AUC01653,USER00107,USER00189,88051.0,wallet,completed,2022-11-27 02:40:00
PAY01655,AUC01655,USER02968,USER00760,80486.0,card,completed,2022-03-20 06:52:00
PAY01656,AUC01656,USER00326,USER00837,3050.0,UPI,completed,2024-06-01 20:20:00
PAY01657,AUC01657,USER00623,USER02227,0,card,failed,2025-03-30 17:19:00
PAY01658,AUC01658,USER02322,USER02812,0,wallet,failed,2025-03-21 11:32:00
PAY01659,AUC01659,USER01001,USER01763,61719.0,UPI,pending,2023-04-01 19:59:00
PAY01660,AUC01660,USER00312,USER01105,94484.0,UPI,completed,2022-03-24 20:51:00
PAY01661,AUC01661,USER00158,USER01574,73683.0,UPI,completed,2024-09-29 06:19:00
PAY01662,AUC01662,USER00084,USER00252,25560.0,UPI,completed,2024-04-03 22:36:00
PAY01666,AUC01666,USER02367,USER00513,86299.0,wallet,completed,2024-08-26 23:25:00
PAY01667,AUC01667,USER02323,USER00064,0,card,failed,2024-04-10 13:51:00
PAY01668,AUC01668,USER01818,USER01784,29709.0,card,completed,2022-12-24 19:30:00
PAY01670,AUC01670,USER00160,USER02702,69896.0,wallet,pending,2025-04-08 02:29:00
PAY01672,AUC01672,USER00941,USER02319,34588.0,UPI,completed,2022-12-18 19:55:00
PAY01673,AUC01673,USER01459,USER00689,6494.0,UPI,pending,2025-12-24 03:43:00
PAY01675,AUC01675,USER01263,USER02916,13667.0,UPI,pending,2022-10-19 17:57:00
PAY01678,AUC01678,USER00385,USER02222,86448.0,wallet,completed,2023-01-15 22:40:00
PAY01680,AUC01680,USER00589,USER02419,18935.0,card,completed,2024-08-10 04:07:00
PAY01681,AUC01681,USER00665,USER01309,20354.0,UPI,pending,2022-10-25 08:30:00
PAY01682,AUC01682,USER00142,USER01138,6072.0,wallet,pending,2022-11-25 10:59:00
PAY01683,AUC01683,USER02723,USER00020,87943.0,wallet,completed,2025-03-09 01:01:00
PAY01684,AUC01684,USER02140,USER00878,17863.0,card,completed,2022-07-29 00:00:00
PAY01686,AUC01686,USER00282,USER00217,0,UPI,failed,2025-04-03 01:27:00
PAY01687,AUC01687,USER02339,USER01907,0,card,failed,2023-12-19 02:23:00
PAY01688,AUC01688,USER00341,USER00058,0,wallet,failed,2022-09-16 06:41:00
PAY01689,AUC01689,USER00070,USER00699,82138.0,wallet,completed,2024-01-11 10:18:00
PAY01690,AUC01690,USER02353,USER00535,1709.0,card,completed,2023-10-28 08:54:00
PAY01693,AUC01693,USER01934,USER00838,83720.0,UPI,pending,2025-07-21 14:49:00
PAY01694,AUC01694,USER01104,USER00214,37622.0,card,completed,2022-01-14 12:46:00
PAY01695,AUC01695,USER01906,USER00754,18118.0,UPI,completed,2024-07-06 19:57:00
PAY01698,AUC01698,USER02135,USER00946,62284.0,card,pending,2023-06-22 15:07:00
PAY01700,AUC01700,USER01280,USER01992,8910.0,wallet,pending,2024-01-25 22:47:00
PAY01702,AUC01702,USER01168,USER00128,0,card,failed,2022-05-12 13:51:00
PAY01703,AUC01703,USER02882,USER02419,16392.0,UPI,completed,2024-06-16 09:16:00
PAY01704,AUC01704,USER01696,USER01295,95236.0,card,completed,2023-01-19 20:36:00
PAY01705,AUC01705,USER01959,USER01589,95558.0,card,completed,2022-08-27 07:39:00
PAY01707,AUC01707,USER01297,USER02290,57902.0,wallet,completed,2022-06-22 08:13:00
PAY01708,AUC01708,USER00223,USER00065,1536.0,UPI,completed,2023-04-11 10:40:00
PAY01709,AUC01709,USER02873,USER01402,56709.0,UPI,completed,2022-04-19 11:59:00
PAY01710,AUC01710,USER02864,USER01023,63454.0,card,completed,2025-01-28 04:15:00
PAY01711,AUC01711,USER02474,USER00687,90274.0,card,pending,2024-04-22 20:32:00
PAY01712,AUC01712,USER02352,USER01930,74542.0,UPI,completed,2024-01-11 02:29:00
PAY01713,AUC01713,USER00650,USER00859,14657.0,card,completed,2023-10-20 15:33:00
PAY01714,AUC01714,USER00804,USER01634,33209.0,wallet,completed,2024-06-28 18:24:00
PAY01716,AUC01716,USER02711,USER02376,62469.0,wallet,completed,2024-03-07 20:52:00
PAY01717,AUC01717,USER01054,USER02263,89625.0,card,completed,2025-11-28 02:14:00
PAY01720,AUC01720,USER00803,USER00180,5561.0,UPI,completed,2023-09-05 08:19:00
PAY01721,AUC01721,USER02584,USER02037,61752.0,UPI,completed,2023-06-07 10:46:00
PAY01722,AUC01722,USER00673,USER02945,58959.0,UPI,completed,2025-06-02 15:34:00
PAY01723,AUC01723,USER00085,USER01345,94683.0,wallet,completed,2025-12-30 20:08:00
PAY01724,AUC01724,USER01478,USER00932,89673.0,wallet,completed,2024-05-10 13:50:00
PAY01726,AUC01726,USER00968,USER02786,37429.0,card,completed,2023-04-08 09:30:00
PAY01727,AUC01727,USER00601,USER00003,69788.0,UPI,completed,2022-07-09 07:22:00
PAY01728,AUC01728,USER02324,USER01460,7290.0,card,completed,2024-09-21 14:04:00
PAY01730,AUC01730,USER00997,USER00495,43264.0,UPI,pending,2022-07-30 06:05:00
PAY01731,AUC01731,USER00578,USER01375,54440.0,card,pending,2025-03-02 05:47:00
PAY01733,AUC01733,USER00838,USER00928,55833.0,card,completed,2023-09-09 19:44:00
PAY01735,AUC01735,USER00004,USER01625,36720.0,UPI,completed,2024-10-21 20:58:00
PAY01736,AUC01736,USER02949,USER00230,49232.0,card,completed,2023-09-03 20:57:00
PAY01737,AUC01737,USER02071,USER00804,17509.0,card,completed,2024-08-31 04:37:00
PAY01738,AUC01738,USER00691,USER02051,67610.0,wallet,completed,2024-03-09 13:57:00
PAY01739,AUC01739,USER01032,USER02371,59876.0,wallet,completed,2025-08-16 08:38:00
PAY01740,AUC01740,USER00867,USER02307,0,card,failed,2024-03-30 01:39:00
PAY01741,AUC01741,USER01082,USER02000,70750.0,UPI,completed,2024-09-01 19:35:00
PAY01742,AUC01742,USER02564,USER01334,73412.0,UPI,completed,2023-03-17 15:53:00
PAY01745,AUC01745,USER01949,USER02618,99506.0,wallet,completed,2024-09-01 23:30:00
PAY01746,AUC01746,USER01470,USER01596,66043.0,wallet,completed,2022-03-15 09:28:00
PAY01747,AUC01747,USER01588,USER00573,15850.0,wallet,pending,2023-03-14 10:46:00
PAY01749,AUC01749,USER01140,USER02770,63927.0,card,completed,2022-09-21 09:09:00
PAY01750,AUC01750,USER01241,USER01571,82394.0,wallet,pending,2024-02-06 03:08:00
PAY01753,AUC01753,USER02916,USER02710,0,card,failed,2022-05-27 09:23:00
PAY01754,AUC01754,USER02407,USER02282,12491.0,card,completed,2024-10-13 15:53:00
PAY01755,AUC01755,USER02547,USER01259,64545.0,card,completed,2023-06-21 05:37:00
PAY01756,AUC01756,USER00771,USER02385,56210.0,wallet,completed,2024-10-13 03:14:00
PAY01757,AUC01757,USER01228,USER00161,74524.0,wallet,completed,2024-01-05 01:31:00
PAY01762,AUC01762,USER02475,USER01084,10343.0,UPI,completed,2025-01-14 00:12:00
PAY01764,AUC01764,USER02612,USER01669,0,UPI,failed,2025-06-13 19:01:00
PAY01766,AUC01766,USER02290,USER02371,87268.0,card,completed,2023-05-27 05:02:00
PAY01767,AUC01767,USER01884,USER00884,50500.0,UPI,completed,2022-08-15 19:36:00
PAY01768,AUC01768,USER00832,USER02733,30848.0,card,completed,2022-06-01 16:11:00
PAY01769,AUC01769,USER00045,USER02916,74760.0,card,completed,2024-11-15 21:50:00
PAY01770,AUC01770,USER02902,USER00456,13983.0,card,completed,2022-02-28 07:06:00
PAY01771,AUC01771,USER01020,USER01042,92767.0,UPI,completed,2024-07-12 10:22:00
PAY01772,AUC01772,USER00610,USER02584,37215.0,card,completed,2022-08-30 12:24:00
PAY01773,AUC01773,USER02994,USER00442,13725.0,UPI,completed,2025-06-03 15:33:00
PAY01774,AUC01774,USER00029,USER01745,0,wallet,failed,2025-07-11 08:25:00
PAY01775,AUC01775,USER02736,USER00975,58378.0,wallet,completed,2022-10-28 19:17:00
PAY01778,AUC01778,USER02015,USER02981,51410.0,card,completed,2024-07-18 07:01:00
PAY01780,AUC01780,USER02473,USER01698,0,card,failed,2023-11-03 20:17:00
PAY01781,AUC01781,USER02637,USER00727,37485.0,card,completed,2022-04-06 07:52:00
PAY01782,AUC01782,USER01472,USER02356,85289.0,UPI,completed,2024-09-28 14:43:00
PAY01784,AUC01784,USER00410,USER00041,55067.0,UPI,completed,2025-12-11 02:23:00
PAY01792,AUC01792,USER02103,USER01287,28878.0,UPI,completed,2024-04-23 09:36:00
PAY01793,AUC01793,USER00272,USER01874,79939.0,UPI,completed,2022-06-28 17:48:00
PAY01794,AUC01794,USER00520,USER02968,99639.0,card,pending,2023-03-17 15:59:00
PAY01795,AUC01795,USER02099,USER01837,54384.0,card,completed,2023-08-17 03:51:00
PAY01797,AUC01797,USER01696,USER00541,9146.0,wallet,completed,2024-12-13 10:30:00
PAY01798,AUC01798,USER00503,USER02367,8208.0,card,pending,2023-01-06 18:49:00
PAY01799,AUC01799,USER00704,USER01947,28802.0,wallet,completed,2024-03-18 03:17:00
PAY01801,AUC01801,USER02501,USER00411,24529.0,card,completed,2024-02-24 08:39:00
PAY01802,AUC01802,USER00424,USER02735,3061.0,wallet,completed,2022-03-10 08:58:00
PAY01803,AUC01803,USER01711,USER01761,20625.0,card,completed,2024-04-18 01:19:00
PAY01807,AUC01807,USER00946,USER01345,16522.0,UPI,pending,2025-04-18 18:48:00
PAY01809,AUC01809,USER00892,USER02203,14806.0,UPI,completed,2022-06-09 07:32:00
PAY01810,AUC01810,USER01244,USER00551,44598.0,card,completed,2022-07-26 20:04:00
PAY01811,AUC01811,USER00201,USER00332,0,card,failed,2022-12-19 14:32:00
PAY01812,AUC01812,USER01143,USER02186,75707.0,card,completed,2022-02-26 14:50:00
PAY01813,AUC01813,USER02725,USER02957,77768.0,wallet,completed,2025-01-02 08:48:00
PAY01816,AUC01816,USER02230,USER00153,0,card,failed,2022-06-04 20:26:00
PAY01817,AUC01817,USER02555,USER00637,24552.0,UPI,pending,2023-03-12 01:18:00
PAY01818,AUC01818,USER01550,USER00972,96939.0,UPI,completed,2025-02-01 13:30:00
PAY01819,AUC01819,USER02261,USER00252,48363.0,UPI,completed,2025-04-25 10:27:00
PAY01820,AUC01820,USER01122,USER01642,44832.0,card,pending,2022-05-14 15:53:00
PAY01822,AUC01822,USER02812,USER00685,42010.0,wallet,completed,2023-11-15 02:20:00
PAY01823,AUC01823,USER01491,USER02724,21553.0,wallet,completed,2022-03-07 08:45:00
PAY01824,AUC01824,USER02679,USER00686,42296.0,wallet,completed,2024-08-11 11:18:00
PAY01825,AUC01825,USER02465,USER02197,84875.0,card,completed,2025-11-01 02:31:00
PAY01829,AUC01829,USER02255,USER00048,50225.0,card,completed,2024-07-22 12:23:00
PAY01830,AUC01830,USER00517,USER01295,0,card,failed,2025-05-12 19:48:00
PAY01832,AUC01832,USER01633,USER01415,14621.0,UPI,pending,2023-11-24 02:10:00
PAY01833,AUC01833,USER01727,USER02257,71403.0,card,completed,2025-02-12 11:33:00
PAY01835,AUC01835,USER02536,USER00191,72348.0,wallet,pending,2025-01-07 04:46:00
PAY01836,AUC01836,USER01785,USER02217,90827.0,card,completed,2024-10-03 09:20:00
PAY01837,AUC01837,USER01905,USER02084,99583.0,UPI,completed,2023-04-29 13:48:00
PAY01838,AUC01838,USER00204,USER02596,42085.0,UPI,completed,2025-09-19 23:58:00
PAY01841,AUC01841,USER00440,USER00983,0,UPI,failed,2025-10-21 15:59:00
PAY01842,AUC01842,USER00684,USER00598,21024.0,wallet,completed,2022-11-08 04:40:00
PAY01843,AUC01843,USER00288,USER01921,43697.0,UPI,completed,2024-05-11 06:49:00
PAY01844,AUC01844,USER00573,USER02359,0,UPI,failed,2025-12-08 01:29:00
PAY01846,AUC01846,USER00813,USER02032,42701.0,wallet,completed,2024-06-28 03:29:00
PAY01847,AUC01847,USER00901,USER02267,53642.0,card,completed,2024-08-06 09:06:00
PAY01848,AUC01848,USER00634,USER00845,48092.0,wallet,completed,2024-06-19 07:55:00
PAY01850,AUC01850,USER00375,USER01433,76830.0,UPI,completed,2022-03-20 03:17:00
PAY01851,AUC01851,USER00729,USER02716,92505.0,UPI,pending,2024-05-11 12:32:00
PAY01852,AUC01852,USER01954,USER00046,63691.0,wallet,completed,2024-04-21 10:55:00
PAY01853,AUC01853,USER02102,USER01520,88359.0,wallet,completed,2023-11-30 04:02:00
PAY01854,AUC01854,USER01542,USER02429,36280.0,wallet,completed,2024-12-25 07:22:00
PAY01855,AUC01855,USER00842,USER02115,10468.0,wallet,pending,2022-03-25 23:29:00
PAY01857,AUC01857,USER01464,USER00084,82656.0,card,completed,2022-08-09 11:25:00
PAY01858,AUC01858,USER00087,USER00468,48684.0,card,completed,2023-11-30 18:45:00
PAY01859,AUC01859,USER00617,USER02949,16848.0,UPI,completed,2022-09-06 10:28:00
PAY01860,AUC01860,USER00638,USER00656,11257.0,card,completed,2023-04-02 18:31:00
PAY01861,AUC01861,USER02993,USER02858,67245.0,wallet,completed,2022-10-31 17:51:00
PAY01862,AUC01862,USER00836,USER00303,76631.0,wallet,completed,2022-12-08 00:07:00
PAY01863,AUC01863,USER00417,USER02468,99611.0,wallet,completed,2023-04-20 07:55:00
PAY01866,AUC01866,USER01241,USER02319,42600.0,wallet,completed,2023-06-14 18:04:00
PAY01868,AUC01868,USER01989,USER01376,31542.0,card,completed,2023-12-12 19:17:00
PAY01869,AUC01869,USER00939,USER00934,47075.0,card,completed,2025-08-26 06:23:00
PAY01870,AUC01870,USER02788,USER01721,56710.0,UPI,completed,2023-10-09 12:08:00
PAY01872,AUC01872,USER01300,USER00514,30368.0,card,completed,2025-11-12 04:15:00
PAY01873,AUC01873,USER01998,USER01964,77445.0,wallet,completed,2024-12-07 10:03:00
PAY01874,AUC01874,USER01772,USER02791,98816.0,UPI,completed,2024-10-04 14:24:00
PAY01876,AUC01876,USER01123,USER02007,66793.0,UPI,completed,2025-11-30 13:59:00
PAY01877,AUC01877,USER01267,USER01571,30091.0,UPI,completed,2024-03-05 19:27:00
PAY01879,AUC01879,USER01813,USER02026,99333.0,UPI,completed,2025-02-05 16:53:00
PAY01880,AUC01880,USER00296,USER01788,18024.0,UPI,completed,2022-05-11 14:55:00
PAY01881,AUC01881,USER00693,USER00826,0,card,failed,2022-06-30 12:23:00
PAY01882,AUC01882,USER00961,USER00591,47866.0,wallet,completed,2023-04-20 02:59:00
PAY01885,AUC01885,USER01615,USER02383,33140.0,UPI,completed,2024-07-02 22:00:00
PAY01886,AUC01886,USER02417,USER01638,73037.0,UPI,completed,2022-02-17 01:43:00
PAY01887,AUC01887,USER01169,USER02823,0,card,failed,2025-11-13 01:27:00
PAY01888,AUC01888,USER01393,USER01879,32090.0,UPI,completed,2023-09-21 05:37:00
PAY01889,AUC01889,USER01320,USER01960,96711.0,UPI,completed,2024-01-11 22:55:00
PAY01890,AUC01890,USER00704,USER02402,96070.0,wallet,completed,2022-10-20 13:59:00
PAY01891,AUC01891,USER01015,USER00128,45742.0,card,completed,2024-05-30 17:52:00
PAY01892,AUC01892,USER01164,USER00971,70598.0,wallet,completed,2023-03-27 08:57:00
PAY01893,AUC01893,USER00789,USER02997,93110.0,wallet,completed,2025-12-30 22:05:00
PAY01894,AUC01894,USER00007,USER00891,6231.0,card,completed,2025-04-23 11:44:00
PAY01895,AUC01895,USER01636,USER00401,17891.0,wallet,completed,2024-02-18 22:10:00
PAY01897,AUC01897,USER02114,USER00653,68770.0,card,completed,2024-12-06 12:21:00
PAY01898,AUC01898,USER02306,USER01774,10170.0,UPI,completed,2024-01-25 22:41:00
PAY01900,AUC01900,USER01426,USER00831,6406.0,card,completed,2022-04-05 15:40:00
PAY01901,AUC01901,USER02572,USER00510,46174.0,card,completed,2023-03-31 00:29:00
PAY01904,AUC01904,USER00852,USER02231,87596.0,UPI,completed,2023-02-14 13:26:00
PAY01905,AUC01905,USER01639,USER00563,82217.0,wallet,completed,2024-05-12 10:55:00
PAY01907,AUC01907,USER01720,USER02842,0,card,failed,2023-01-25 08:26:00
PAY01908,AUC01908,USER02630,USER00357,39006.0,wallet,completed,2024-03-01 03:04:00
PAY01909,AUC01909,USER02278,USER01584,86886.0,UPI,completed,2024-12-22 02:32:00
PAY01910,AUC01910,USER02876,USER02916,0,wallet,failed,2022-02-17 11:46:00
PAY01912,AUC01912,USER01909,USER00968,6661.0,UPI,completed,2026-01-10 21:36:00
PAY01914,AUC01914,USER02537,USER00208,87568.0,UPI,completed,2024-09-15 16:48:00
PAY01915,AUC01915,USER01924,USER00461,76144.0,card,pending,2023-02-24 22:06:00
PAY01916,AUC01916,USER00435,USER00699,19980.0,wallet,completed,2022-10-31 09:12:00
PAY01917,AUC01917,USER02066,USER01355,46681.0,UPI,completed,2022-05-07 22:39:00
PAY01918,AUC01918,USER00558,USER02721,1423.0,UPI,completed,2025-09-16 00:07:00
PAY01919,AUC01919,USER01179,USER02083,11644.0,card,completed,2023-02-03 23:59:00
PAY01920,AUC01920,USER01384,USER02920,87382.0,card,completed,2024-04-12 00:12:00
PAY01921,AUC01921,USER00288,USER01589,7169.0,wallet,completed,2023-11-17 12:57:00
PAY01922,AUC01922,USER00019,USER01120,31232.0,wallet,completed,2024-10-28 00:00:00
PAY01923,AUC01923,USER00173,USER02949,0,wallet,failed,2025-08-19 11:18:00
PAY01925,AUC01925,USER02464,USER02171,15149.0,UPI,completed,2023-06-11 08:46:00
PAY01927,AUC01927,USER01658,USER02089,59034.0,card,completed,2022-10-09 23:45:00
PAY01930,AUC01930,USER01660,USER01909,98890.0,wallet,completed,2024-08-12 17:13:00
PAY01931,AUC01931,USER01575,USER00241,44377.0,wallet,completed,2022-06-07 14:57:00
PAY01932,AUC01932,USER00530,USER00714,8059.0,wallet,completed,2022-10-16 12:29:00
PAY01934,AUC01934,USER02340,USER00514,10557.0,wallet,completed,2023-07-18 11:52:00
PAY01935,AUC01935,USER01110,USER02553,95558.0,wallet,completed,2022-12-13 06:25:00
PAY01936,AUC01936,USER01585,USER02057,48309.0,wallet,completed,2022-05-20 09:02:00
PAY01938,AUC01938,USER01539,USER02491,27630.0,UPI,completed,2025-10-27 16:07:00
PAY01940,AUC01940,USER02337,USER00063,25443.0,card,completed,2025-12-07 23:07:00
PAY01943,AUC01943,USER01766,USER02257,86731.0,card,completed,2023-03-21 15:03:00
PAY01950,AUC01950,USER01329,USER00015,28644.0,UPI,completed,2024-05-23 22:49:00
PAY01951,AUC01951,USER02105,USER01241,62415.0,UPI,completed,2022-05-10 21:19:00
PAY01953,AUC01953,USER02052,USER00296,33117.0,card,completed,2025-12-07 00:01:00
PAY01954,AUC01954,USER01710,USER01717,93171.0,card,pending,2025-01-29 17:26:00
PAY01955,AUC01955,USER00666,USER02640,40285.0,wallet,completed,2025-09-29 23:26:00
PAY01957,AUC01957,USER01848,USER01609,88752.0,wallet,completed,2025-09-13 11:23:00
PAY01958,AUC01958,USER00508,USER00037,83700.0,card,completed,2025-04-07 07:01:00
PAY01959,AUC01959,USER00577,USER00792,58670.0,card,completed,2025-09-01 17:05:00
PAY01960,AUC01960,USER00719,USER02846,38767.0,wallet,completed,2022-10-15 16:02:00
PAY01961,AUC01961,USER00088,USER00884,58381.0,UPI,completed,2023-02-10 08:10:00
PAY01964,AUC01964,USER01983,USER02468,26309.0,card,completed,2024-04-22 21:05:00
PAY01969,AUC01969,USER00188,USER01851,6630.0,card,completed,2024-11-12 06:35:00
PAY01971,AUC01971,USER00549,USER01749,81540.0,wallet,completed,2023-02-08 14:04:00
PAY01972,AUC01972,USER02201,USER00755,49705.0,card,completed,2024-03-02 14:26:00
PAY01973,AUC01973,USER01295,USER00231,0,UPI,failed,2022-11-23 09:50:00
PAY01974,AUC01974,USER02442,USER02418,50427.0,wallet,completed,2024-10-16 20:10:00
PAY01976,AUC01976,USER00417,USER00860,6403.0,wallet,completed,2025-10-20 11:32:00
PAY01978,AUC01978,USER01243,USER00358,4200.0,UPI,completed,2023-07-11 10:58:00
PAY01979,AUC01979,USER01618,USER00843,98019.0,UPI,completed,2023-09-07 12:37:00
PAY01980,AUC01980,USER02110,USER01879,11714.0,card,completed,2022-10-24 16:45:00
PAY01983,AUC01983,USER00412,USER02791,9191.0,card,completed,2023-06-11 20:44:00
PAY01984,AUC01984,USER01593,USER01141,0,card,failed,2023-01-11 15:32:00
PAY01985,AUC01985,USER01844,USER00339,43939.0,UPI,completed,2022-03-14 18:13:00
PAY01990,AUC01990,USER02143,USER01375,44889.0,card,completed,2024-02-27 11:39:00
PAY01992,AUC01992,USER02158,USER02322,46112.0,card,completed,2025-09-09 14:25:00
PAY01993,AUC01993,USER02062,USER02536,67972.0,wallet,completed,2026-01-08 20:00:00
PAY01995,AUC01995,USER02927,USER02392,50573.0,UPI,completed,2022-05-09 12:36:00
PAY01996,AUC01996,USER02975,USER00806,0,wallet,failed,2025-05-06 19:00:00
PAY01997,AUC01997,USER02585,USER02110,56508.0,UPI,completed,2023-11-10 17:52:00
PAY01998,AUC01998,USER00358,USER02855,3720.0,wallet,pending,2022-06-04 04:23:00
PAY01999,AUC01999,USER01733,USER02094,31557.0,UPI,completed,2025-12-13 07:31:00
